1,5.6579,12.957,36.947,26.739,6.1861,7.744
2,5.6579,12.957,36.947,26.739,6.1861,7.744
3,0.5802,0.54753,36.947,26.739,6.1861,6.2279
4,0.5802,0.54753,36.947,26.739,6.1861,6.2279
5,0.079131,0.30424,36.947,0.14401,6.1861,6.2279
6,0.079131,0.30424,0.15581,0.14401,6.1861,6.2279
7,0.079131,0.12518,0.15581,0.14401,6.1861,6.2279
8,0.079131,0.12518,0.15581,0.14401,6.1861,0.1093
9,0.079131,0.12518,0.15581,0.14401,6.1861,0.1093
10,0.079131,0.12518,0.15581,0.14401,6.1861,0.1093
11,0.079131,0.12518,0.15581,0.14401,6.1861,0.1093
12,0.079131,0.12518,0.15581,0.14401,6.1861,0.1093
13,0.079131,0.026661,0.15581,0.14401,6.1861,0.1093
14,0.079131,0.026661,0.15581,0.14401,6.1861,0.1093
15,0.079131,0.026661,0.15581,0.14401,6.1861,0.1093
16,0.079131,0.026661,0.15581,0.14401,6.1861,0.1093
17,0.079131,0.026661,0.15581,0.14401,6.1861,0.1093
18,0.079131,0.026661,0.15581,0.14401,6.1861,0.1093
19,0.079131,0.026661,0.15581,0.14401,6.1861,0.1093
20,0.079131,0.026661,0.15581,0.14401,6.1861,0.1093
21,0.079131,0.026661,0.15581,0.14401,6.1861,0.1093
22,0.079131,0.026661,0.15581,0.14401,6.1861,0.1093
23,0.079131,0.026661,0.15581,0.14401,6.1861,0.1093
24,0.079131,0.026661,0.15581,0.14401,6.1861,0.1093
25,0.079131,0.0057368,0.15581,0.14401,6.1861,0.1093
26,0.079131,0.0057368,0.15581,0.14401,6.1861,0.1093
27,0.079131,0.0057368,0.15581,0.14401,6.1861,0.1093
28,0.079131,0.0057368,0.15581,0.14401,6.1861,0.1093
29,0.079131,0.0057368,0.15581,0.14401,6.1861,0.1093
30,0.079131,0.0057368,0.15581,0.14401,6.1861,0.1093
31,0.079131,0.0057368,0.15581,0.14401,6.1861,0.1093
32,0.079131,0.0057368,0.15581,0.14401,6.1861,0.1093
33,0.079131,0.0057368,0.15581,0.14401,6.1861,0.1093
34,0.079131,0.0057368,0.15581,0.14401,6.1861,0.1093
35,0.079131,0.0057368,0.15581,0.14401,6.1861,0.1093
36,0.079131,0.0057368,0.15581,0.14401,6.1861,0.1093
37,0.079131,0.0057368,0.15581,0.14401,6.1861,0.1093
38,0.079131,0.0057368,0.15581,0.14401,6.1861,0.1093
39,0.079131,0.0057368,0.15581,0.14401,6.1861,0.1093
40,0.079131,0.0057368,0.15581,0.14401,6.1861,0.1093
41,0.079131,0.0057368,0.15581,0.14401,6.1861,0.1093
42,0.079131,0.0057368,0.15581,0.14401,6.1861,0.1093
43,0.079131,0.0057368,0.15581,0.14401,6.1861,0.1093
44,0.079131,0.0057368,0.15581,0.14401,6.1861,0.1093
45,0.079131,0.0057368,0.15581,0.14401,6.1861,0.1093
46,0.079131,0.0057368,0.15581,0.14401,6.1861,0.1093
47,0.079131,0.0057368,0.15581,0.14401,6.1861,0.1093
48,0.079131,0.0057368,0.15581,0.14401,6.1861,0.1093
49,0.079131,0.0057368,0.15581,0.14401,6.1861,0.1093
50,0.079131,0.0057368,0.15581,0.14401,6.1861,0.1093
51,0.079131,0.0057368,0.15581,0.14401,6.1861,0.1093
52,0.079131,0.0057368,0.15581,0.14401,6.1861,0.1093
53,0.079131,0.0057368,0.15581,0.017864,6.1861,0.1093
54,0.079131,0.0057368,0.15581,0.017864,6.1861,0.1093
55,0.079131,0.0057368,0.15581,0.017864,6.1861,0.1093
56,0.079131,0.0057368,0.15581,0.017864,6.1861,0.1093
57,0.079131,0.0057368,0.15581,0.0099085,6.1861,0.1093
58,0.079131,0.0057368,0.15581,0.0099085,6.1861,0.1093
59,0.079131,0.0057368,0.15581,0.0099085,6.1861,0.1093
60,0.079131,0.0057368,0.15581,0.0099085,6.1861,0.1093
61,0.079131,0.0057368,0.15581,0.0099085,6.1861,0.1093
62,0.079131,0.0057368,0.15581,0.0099085,6.1861,0.1093
63,0.079131,0.0057368,0.15581,0.0099085,6.1861,0.1093
64,0.079131,0.0057368,0.15581,0.0099085,6.1861,0.1093
65,0.079131,0.0057368,0.15581,0.0099085,6.1861,0.1093
66,0.079131,0.0057368,0.15581,0.0099085,6.1861,0.1093
67,0.079131,0.0057368,0.15581,0.0099085,6.1861,0.1093
68,0.079131,0.0057368,0.15581,0.0099085,6.1861,0.1093
69,0.079131,0.0057368,0.15581,0.0099085,6.1861,0.1093
70,0.079131,0.0057368,0.15581,0.0099085,6.1861,0.1093
71,0.079131,0.0057368,0.15581,0.0099085,6.1861,0.1093
72,0.079131,0.0057368,0.15581,0.0099085,6.1861,0.1093
73,0.079131,0.0057368,0.15581,0.0099085,6.1861,0.1093
74,0.079131,0.0057368,0.15581,0.0099085,6.1861,0.1093
75,0.079131,0.0057368,0.15581,0.0099085,6.1861,0.1093
76,0.079131,0.0057368,0.15581,0.0099085,6.1861,0.1093
77,0.079131,0.0057368,0.15581,0.0099085,6.1861,0.1093
78,0.079131,0.0057368,0.15581,0.0099085,6.1861,0.1093
79,0.079131,0.0057368,0.15581,0.0099085,6.1861,0.1093
80,0.079131,0.0057368,0.15581,0.0099085,6.1861,0.1093
81,0.079131,0.0057368,0.15581,0.0099085,6.1861,0.1093
82,0.079131,0.0057368,0.15581,0.0099085,6.1861,0.1093
83,0.079131,0.0057368,0.15581,0.0099085,6.1861,0.1093
84,0.079131,0.0057368,0.15581,0.0099085,6.1861,0.1093
85,0.079131,0.0057368,0.15581,0.0099085,6.1861,0.1093
86,0.079131,0.0057368,0.15581,0.0099085,6.1861,0.1093
87,0.0053766,0.0057368,0.15581,0.0099085,6.1861,0.1093
88,0.0053766,0.0057368,0.15581,0.0099085,6.1861,0.1093
89,0.0053766,0.0057368,0.15581,0.0099085,6.1861,0.1093
90,0.0053766,0.0057368,0.15581,0.0099085,6.1861,0.1093
91,0.0053766,0.0057368,0.15581,0.0099085,6.1861,0.1093
92,0.0053766,0.0057368,0.15581,0.0099085,6.1861,0.1093
93,0.0053766,0.0057368,0.15581,0.0099085,6.1861,0.1093
94,0.0053766,0.0057368,0.15581,0.0099085,6.1861,0.1093
95,0.0053766,0.0057368,0.15581,0.0099085,6.1861,0.1093
96,0.0053766,0.0057368,0.15581,0.0099085,6.1861,0.1093
97,0.0053766,0.0057368,0.15581,0.0099085,6.1861,0.1093
98,0.0053766,0.0057368,0.15581,0.0099085,6.1861,0.1093
99,0.0053766,0.0057368,0.15581,0.0099085,6.1861,0.1093
100,0.0053766,0.0057368,0.15581,0.0099085,6.1861,0.1093
101,0.0053766,0.0057368,0.15581,0.0099085,6.1861,0.1093
102,0.0053766,0.0057368,0.15581,0.0099085,6.1861,0.1093
103,0.0053766,0.0057368,0.15581,0.0099085,6.1861,0.1093
104,0.0053766,0.0057368,0.15581,0.0099085,6.1861,0.1093
105,0.0053766,0.0057368,0.15581,0.0099085,6.1861,0.1093
106,0.0053766,0.0057368,0.15581,0.0099085,6.1861,0.1093
107,0.0053766,0.0057368,0.15581,0.0099085,6.1861,0.1093
108,0.0053766,0.0057368,0.15581,0.0099085,6.1861,0.1093
109,0.0053766,0.0057368,0.15581,0.0099085,6.1861,0.1093
110,0.0053766,0.0057368,0.15581,0.0099085,6.1861,0.1093
111,0.0053766,0.0057368,0.15581,0.0099085,6.1861,0.1093
112,0.0053766,0.0057368,0.15581,0.0099085,6.1861,0.1093
113,0.0053766,0.0057368,0.15581,0.0099085,6.1861,0.1093
114,0.0053766,0.0057368,0.15581,0.0099085,6.1861,0.1093
115,0.0053766,0.0057368,0.15581,0.0099085,6.1861,0.1093
116,0.0053766,0.0057368,0.15581,0.0099085,6.1861,0.1093
117,0.0053766,0.0057368,0.15581,0.0099085,6.1861,0.1093
118,0.0053766,0.0057368,0.15581,0.0099085,6.1861,0.1093
119,0.0053766,0.0057368,0.15581,0.0099085,6.1861,0.1093
120,0.0053766,0.0057368,0.15581,0.0099085,6.1861,0.1093
121,0.0053766,0.0057368,0.15581,0.0099085,6.1861,0.1093
122,0.0053766,0.0057368,0.15581,0.0099085,6.1861,0.1093
123,0.0053766,0.0057368,0.15581,0.0099085,6.1861,0.1093
124,0.0053766,0.0057368,0.15581,0.0099085,6.1861,0.1093
125,0.0053766,0.0057368,0.15581,0.0099085,6.1861,0.1093
126,0.0053766,0.0057368,0.15581,0.0099085,6.1861,0.1093
127,0.0053766,0.0057368,0.15581,0.0099085,6.1861,0.1093
128,0.0053766,0.0057368,0.15581,0.0099085,6.1861,0.1093
129,0.0053766,0.0057368,0.15581,0.0099085,6.1861,0.1093
130,0.0053766,0.0057368,0.15581,0.0099085,6.1861,0.1093
131,0.0053766,0.0057368,0.15581,0.0099085,6.1861,0.1093
132,0.0053766,0.0057368,0.15581,0.0099085,6.1861,0.1093
133,0.0053766,0.0057368,0.15581,0.0099085,6.1861,0.1093
134,0.0053766,0.0057368,0.15581,0.0099085,6.1861,0.1093
135,0.0053766,0.0057368,0.15581,0.0099085,6.1861,0.1093
136,0.0053766,0.0057368,0.15581,0.0099085,6.1861,0.1093
137,0.0053766,0.0057368,0.15581,0.0099085,6.1861,0.1093
138,0.0053766,0.0057368,0.15581,0.0099085,6.1861,0.1093
139,0.0053766,0.0057368,0.15581,0.0099085,6.1861,0.1093
140,0.0053766,0.0057368,0.15581,0.0099085,6.1861,0.1093
141,0.0053766,0.0057368,0.15581,0.0099085,6.1861,0.1093
142,0.0053766,0.0057368,0.15581,0.0099085,6.1861,0.1093
143,0.0053766,0.0057368,0.15581,0.0099085,6.1861,0.1093
144,0.0053766,0.0057368,0.15581,0.0099085,6.1861,0.1093
145,0.0053766,0.0057368,0.15581,0.0099085,6.1861,0.1093
146,0.0053766,0.0057368,0.15581,0.0099085,6.1861,0.1093
147,0.0053766,0.0057368,0.15581,0.0099085,6.1861,0.1093
148,0.0053766,0.0057368,0.15581,0.0099085,6.1861,0.1093
149,0.0053766,0.0057368,0.15581,0.0099085,6.1861,0.1093
150,0.0053766,0.0057368,0.15581,0.0099085,6.1861,0.1093
151,0.0053766,0.0057368,0.15581,0.0099085,6.1861,0.1093
152,0.0053766,0.0057368,0.15581,0.0099085,6.1861,0.1093
153,0.0053766,0.0057368,0.15581,0.0099085,6.1861,0.1093
154,0.0053766,0.0057368,0.15581,0.0099085,6.1861,0.1093
155,0.0053766,0.0057368,0.15581,0.0099085,6.1861,0.1093
156,0.0053766,0.0057368,0.15581,0.0099085,6.1861,0.1093
157,0.0053766,0.0057368,0.15581,0.0099085,6.1861,0.1093
158,0.0053766,0.0057368,0.15581,0.0099085,6.1861,0.1093
159,0.0053766,0.0057368,0.15581,0.0099085,6.1861,0.1093
160,0.0053766,0.0057368,0.15581,0.0099085,6.1861,0.1093
161,0.0053766,0.0057368,0.15581,0.0099085,6.1861,0.1093
162,0.0053766,0.0057368,0.15581,0.0099085,6.1861,0.1093
163,0.0053766,0.0057368,0.15581,0.0099085,6.1861,0.1093
164,0.0053766,0.0057368,0.15581,0.0099085,6.1861,0.1093
165,0.0053766,0.0057368,0.15581,0.0099085,6.1861,0.1093
166,0.0053766,0.0057368,0.15581,0.0099085,6.1861,0.1093
167,0.0053766,0.0057368,0.15581,0.0099085,6.1861,0.1093
168,0.0053766,0.0057368,0.15581,0.0099085,6.1861,0.1093
169,0.0053766,0.0057368,0.15581,0.0099085,6.1861,0.1093
170,0.0053766,0.0057368,0.15581,0.0099085,6.1861,0.1093
171,0.0053766,0.0057368,0.15581,0.0099085,6.1861,0.1093
172,0.0053766,0.0057368,0.15581,0.0099085,6.1861,0.1093
173,0.0053766,0.0057368,0.15581,0.0099085,6.1861,0.1093
174,0.0053766,0.0057368,0.15581,0.0099085,6.1861,0.1093
175,0.0053766,0.0057368,0.15581,0.0099085,6.1861,0.1093
176,0.0053766,0.0057368,0.15581,0.0099085,6.1861,0.1093
177,0.0053766,0.0057368,0.15581,0.0099085,6.1861,0.1093
178,0.0053766,0.0057368,0.15581,0.0099085,6.1861,0.1093
179,0.0053766,0.0057368,0.15581,0.0099085,6.1861,0.1093
180,0.0053766,0.0057368,0.15581,0.0099085,6.1861,0.1093
181,0.0053766,0.0057368,0.15581,0.0099085,6.1861,0.1093
182,0.0053766,0.0057368,0.15581,0.0099085,6.1861,0.1093
183,0.0053766,0.0057368,0.15581,0.0099085,6.1861,0.1093
184,0.0053766,0.0057368,0.15581,0.0099085,6.1861,0.1093
185,0.0053766,0.0057368,0.15581,0.0099085,6.1861,0.1093
186,0.0053766,0.0057368,0.15581,0.0099085,6.1861,0.1093
187,0.0053766,0.0057368,0.15581,0.0099085,6.1861,0.1093
188,0.0053766,0.0057368,0.15581,0.0099085,6.1861,0.1093
189,0.0053766,0.0057368,0.15581,0.0099085,6.1861,0.1093
190,0.0053766,0.0057368,0.15581,0.0099085,6.1861,0.1093
191,0.0053766,0.0057368,0.15581,0.0099085,6.1861,0.1093
192,0.0053766,0.0057368,0.15581,0.0099085,6.1861,0.1093
193,0.0053766,0.0057368,0.15581,0.0099085,6.1861,0.1093
194,0.0053766,0.0057368,0.15581,0.0099085,6.1861,0.1093
195,0.0053766,0.0057368,0.15581,0.0099085,6.1861,0.1093
196,0.0053766,0.0057368,0.15581,0.0099085,6.1861,0.1093
197,0.0053766,0.0057368,0.15581,0.0099085,6.1861,0.1093
198,0.0053766,0.0057368,0.15581,0.0099085,6.1861,0.1093
199,0.0053766,0.0057368,0.15581,0.0099085,6.1861,0.1093
200,0.0053766,0.0057368,0.15581,0.0099085,6.1861,0.1093
201,0.0053766,0.0057368,0.15581,0.0099085,6.1861,0.1093
202,0.0053766,0.0057368,0.15581,0.0099085,6.1861,0.1093
203,0.0053766,0.0057368,0.15581,0.0099085,6.1861,0.1093
204,0.0053766,0.0057368,0.15581,0.0099085,6.1861,0.1093
205,0.0053766,0.0057368,0.15581,0.0099085,6.1861,0.1093
206,0.0053766,0.0057368,0.15581,0.0099085,6.1861,0.1093
207,0.0053766,0.0057368,0.15581,0.0099085,6.1861,0.1093
208,0.0053766,0.0057368,0.15581,0.0099085,6.1861,0.1093
209,0.0053766,0.0057368,0.15581,0.0099085,6.1861,0.1093
210,0.0053766,0.0057368,0.15581,0.0099085,6.1861,0.1093
211,0.0053766,0.0057368,0.15581,0.0099085,6.1861,0.1093
212,0.0053766,0.0057368,0.15581,0.0099085,6.1861,0.1093
213,0.0053766,0.0057368,0.15581,0.0099085,6.1861,0.1093
214,0.0053766,0.0057368,0.15581,0.0099085,6.1861,0.1093
215,0.0053766,0.0057368,0.15581,0.0099085,6.1861,0.1093
216,0.0053766,0.0057368,0.15581,0.0099085,6.1861,0.1093
217,0.0053766,0.0057368,0.15581,0.0099085,6.1861,0.1093
218,0.0053766,0.0057368,0.15581,0.0099085,6.1861,0.1093
219,0.0053766,0.0057368,0.15581,0.0099085,6.1861,0.1093
220,0.0053766,0.0057368,0.15581,0.0099085,6.1861,0.1093
221,0.0053766,0.0057368,0.15581,0.0099085,6.1861,0.1093
222,0.0053766,0.0057368,0.15581,0.0099085,6.1861,0.1093
223,0.0053766,0.0057368,0.15581,0.0099085,6.1861,0.1093
224,0.0053766,0.0057368,0.15581,0.0099085,6.1861,0.1093
225,0.0053766,0.0057368,0.15581,0.0099085,6.1861,0.1093
226,0.0053766,0.0057368,0.15581,0.0099085,6.1861,0.1093
227,0.0053766,0.0057368,0.15581,0.0099085,6.1861,0.1093
228,0.0053766,0.0057368,0.15581,0.0099085,6.1861,0.1093
229,0.0053766,0.0057368,0.15581,0.0099085,6.1861,0.1093
230,0.0053766,0.0057368,0.15581,0.0099085,6.1861,0.1093
231,0.0053766,0.0057368,0.15581,0.0099085,6.1861,0.1093
232,0.0053766,0.0057368,0.15581,0.0099085,6.1861,0.1093
233,0.0053766,0.0057368,0.15581,0.0099085,6.1861,0.1093
234,0.0053766,0.0057368,0.15581,0.0099085,6.1861,0.1093
235,0.0053766,0.0057368,0.15581,0.0099085,6.1861,0.1093
236,0.0053766,0.0057368,0.15581,0.0099085,6.1861,0.1093
237,0.0053766,0.0057368,0.15581,0.0099085,6.1861,0.1093
238,0.0053766,0.0057368,0.15581,0.0099085,6.1861,0.1093
239,0.0053766,0.0057368,0.15581,0.0099085,6.1861,0.1093
240,0.0053766,0.0057368,0.15581,0.0099085,6.1861,0.1093
241,0.0053766,0.0057368,0.15581,0.0099085,6.1861,0.1093
242,0.0053766,0.0057368,0.15581,0.0099085,6.1861,0.1093
243,0.0053766,0.0057368,0.15581,0.0099085,6.1861,0.1093
244,0.0053766,0.0057368,0.15581,0.0099085,6.1861,0.1093
245,0.0053766,0.0057368,0.15581,0.0099085,6.1861,0.1093
246,0.0053766,0.0057368,0.15581,0.0099085,6.1861,0.1093
247,0.0053766,0.0057368,0.15581,0.0099085,6.1861,0.1093
248,0.0053766,0.0057368,0.15581,0.0099085,6.1861,0.1093
249,0.0053766,0.0057368,0.15581,0.0099085,6.1861,0.1093
250,0.0053766,0.0057368,0.15581,0.0099085,6.1861,0.1093
251,0.0053766,0.0057368,0.15581,0.0099085,6.1861,0.1093
252,0.0053766,0.0057368,0.15581,0.0099085,6.1861,0.1093
253,0.0053766,0.0057368,0.15581,0.0099085,6.1861,0.1093
254,0.0053766,0.0057368,0.15581,0.0099085,6.1861,0.1093
255,0.0053766,0.0057368,0.15581,0.0099085,6.1861,0.1093
256,0.0053766,0.0057368,0.15581,0.0099085,6.1861,0.1093
257,0.0053766,0.0057368,0.15581,0.0099085,6.1861,0.1093
258,0.0053766,0.0057368,0.15581,0.0099085,6.1861,0.1093
259,0.0053766,0.0057368,0.15581,0.0099085,6.1861,0.1093
260,0.0053766,0.0057368,0.15581,0.0099085,6.1861,0.1093
261,0.0053766,0.0057368,0.15581,0.0099085,6.1861,0.1093
262,0.0053766,0.0057368,0.15581,0.0099085,6.1861,0.1093
263,0.0053766,0.0057368,0.15581,0.0099085,6.1861,0.1093
264,0.0053766,0.0057368,0.15581,0.0099085,6.1861,0.1093
265,0.0053766,0.0057368,0.15581,0.0099085,6.1861,0.1093
266,0.0053766,0.0057368,0.15581,0.0099085,6.1861,0.1093
267,0.0053766,0.0057368,0.15581,0.0099085,6.1861,0.1093
268,0.0053766,0.0057368,0.15581,0.0099085,6.1861,0.1093
269,0.0053766,0.0057368,0.15581,0.0099085,6.1861,0.1093
270,0.0053766,0.0057368,0.15581,0.0099085,6.1861,0.1093
271,0.0053766,0.0057368,0.15581,0.0099085,6.1861,0.1093
272,0.0053766,0.0057368,0.15581,0.0099085,6.1861,0.1093
273,0.0053766,0.0057368,0.15581,0.0099085,6.1861,0.1093
274,0.0053766,0.0057368,0.15581,0.0099085,6.1861,0.1093
275,0.0053766,0.0057368,0.15581,0.0099085,6.1861,0.1093
276,0.0053766,0.0057368,0.15581,0.0099085,6.1861,0.1093
277,0.0053766,0.0057368,0.15581,0.0099085,6.1861,0.1093
278,0.0053766,0.0057368,0.15581,0.0099085,6.1861,0.1093
279,0.0053766,0.0057368,0.15581,0.0099085,6.1861,0.1093
280,0.0053766,0.0057368,0.15581,0.0099085,6.1861,0.1093
281,0.0053766,0.0057368,0.15581,0.0099085,6.1861,0.1093
282,0.0053766,0.0057368,0.15581,0.0099085,6.1861,0.1093
283,0.0053766,0.0057368,0.15581,0.0099085,6.1861,0.1093
284,0.0053766,0.0057368,0.15581,0.0099085,6.1861,0.1093
285,0.0053766,0.0057368,0.15581,0.0099085,6.1861,0.1093
286,0.0053766,0.0057368,0.15581,0.0099085,6.1861,0.1093
287,0.0053766,0.0057368,0.15581,0.0099085,6.1861,0.1093
288,0.0053766,0.0057368,0.15581,0.0099085,6.1861,0.1093
289,0.0053766,0.0057368,0.15581,0.0099085,6.1861,0.1093
290,0.0053766,0.0057368,0.15581,0.0099085,6.1861,0.1093
291,0.0053766,0.0057368,0.15581,0.0099085,6.1861,0.1093
292,0.0053766,0.0057368,0.15581,0.0099085,6.1861,0.1093
293,0.0053766,0.0057368,0.15581,0.0099085,6.1861,0.1093
294,0.0053766,0.0057368,0.15581,0.0099085,6.1861,0.1093
295,0.0053766,0.0057368,0.15581,0.0099085,6.1861,0.1093
296,0.0053766,0.0057368,0.15581,0.0099085,6.1861,0.1093
297,0.0053766,0.0057368,0.15581,0.0099085,6.1861,0.1093
298,0.0053766,0.0057368,0.15581,0.0099085,6.1861,0.1093
299,0.0053766,0.0057368,0.15581,0.0099085,6.1861,0.1093
300,0.0053766,0.0057368,0.15581,0.0099085,6.1861,0.1093
301,0.0053766,0.0057368,0.15581,0.0099085,6.1861,0.1093
302,0.0053766,0.0057368,0.15581,0.0099085,6.1861,0.1093
303,0.0053766,0.0057368,0.15581,0.0099085,6.1861,0.1093
304,0.0053766,0.0057368,0.15581,0.0099085,6.1861,0.1093
305,0.0053766,0.0057368,0.15581,0.0099085,6.1861,0.1093
306,0.0053766,0.0057368,0.15581,0.0099085,6.1861,0.1093
307,0.0053766,0.0057368,0.15581,0.0099085,6.1861,0.1093
308,0.0053766,0.0057368,0.15581,0.0099085,6.1861,0.1093
309,0.0053766,0.0057368,0.15581,0.0099085,6.1861,0.1093
310,0.0053766,0.0057368,0.15581,0.0099085,6.1861,0.1093
311,0.0053766,0.0057368,0.15581,0.0099085,6.1861,0.1093
312,0.0053766,0.0057368,0.15581,0.0099085,6.1861,0.1093
313,0.0053766,0.0057368,0.15581,0.0099085,6.1861,0.1093
314,0.0053766,0.0057368,0.15581,0.0099085,6.1861,0.1093
315,0.0053766,0.0057368,0.15581,0.0099085,6.1861,0.1093
316,0.0053766,0.0057368,0.15581,0.0099085,6.1861,0.1093
317,0.0053766,0.0057368,0.15581,0.0099085,6.1861,0.1093
318,0.0053766,0.0057368,0.15581,0.0099085,6.1861,0.1093
319,0.0053766,0.0057368,0.15581,0.0099085,6.1861,0.1093
320,0.0053766,0.0057368,0.15581,0.0099085,6.1861,0.1093
321,0.0053766,0.0057368,0.15581,0.0099085,6.1861,0.1093
322,0.0053766,0.0057368,0.15581,0.0099085,6.1861,0.1093
323,0.0053766,0.0057368,0.15581,0.0099085,6.1861,0.1093
324,0.0053766,0.0057368,0.15581,0.0099085,6.1861,0.1093
325,0.0053766,0.0057368,0.15581,0.0099085,6.1861,0.1093
326,0.0053766,0.0057368,0.15581,0.0099085,6.1861,0.1093
327,0.0053766,0.0057368,0.15581,0.0099085,6.1861,0.1093
328,0.0053766,0.0057368,0.15581,0.0099085,6.1861,0.1093
329,0.0053766,0.0057368,0.15581,0.0099085,6.1861,0.1093
330,0.0053766,0.0057368,0.15581,0.0099085,6.1861,0.1093
331,0.0053766,0.0057368,0.15581,0.0099085,6.1861,0.1093
332,0.0053766,0.0057368,0.15581,0.0099085,6.1861,0.1093
333,0.0053766,0.0057368,0.15581,0.0099085,6.1861,0.1093
334,0.0053766,0.0057368,0.15581,0.0099085,6.1861,0.1093
335,0.0053766,0.0057368,0.15581,0.0099085,6.1861,0.1093
336,0.0053766,0.0057368,0.15581,0.0099085,6.1861,0.1093
337,0.0053766,0.0057368,0.15581,0.0099085,6.1861,0.1093
338,0.0053766,0.0057368,0.15581,0.0099085,6.1861,0.1093
339,0.0053766,0.0057368,0.15581,0.0099085,6.1861,0.1093
340,0.0053766,0.0057368,0.15581,0.0099085,6.1861,0.1093
341,0.0053766,0.0057368,0.15581,0.0099085,6.1861,0.1093
342,0.0053766,0.0057368,0.15581,0.0099085,6.1861,0.1093
343,0.0053766,0.0057368,0.15581,0.0099085,6.1861,0.1093
344,0.0053766,0.0057368,0.15581,0.0099085,6.1861,0.1093
345,0.0053766,0.0057368,0.15581,0.0099085,6.1861,0.1093
346,0.0053766,0.0057368,0.15581,0.0099085,6.1861,0.1093
347,0.0053766,0.0057368,0.15581,0.0099085,6.1861,0.1093
348,0.0053766,0.0057368,0.15581,0.0099085,6.1861,0.1093
349,0.0053766,0.0057368,0.15581,0.0099085,6.1861,0.1093
350,0.0053766,0.0057368,0.15581,0.0099085,6.1861,0.1093
351,0.0053766,0.0057368,0.15581,0.0099085,6.1861,0.1093
352,0.0053766,0.0057368,0.15581,0.0099085,6.1861,0.1093
353,0.0053766,0.0057368,0.15581,0.0099085,6.1861,0.1093
354,0.0053766,0.0057368,0.15581,0.0099085,6.1861,0.1093
355,0.0053766,0.0057368,0.15581,0.0099085,6.1861,0.1093
356,0.0053766,0.0057368,0.15581,0.0099085,6.1861,0.1093
357,0.0053766,0.0057368,0.15581,0.0099085,6.1861,0.1093
358,0.0053766,0.0057368,0.15581,0.0099085,6.1861,0.1093
359,0.0053766,0.0057368,0.15581,0.0099085,6.1861,0.1093
360,0.0053766,0.0057368,0.15581,0.0099085,6.1861,0.1093
361,0.0053766,0.0057368,0.15581,0.0099085,6.1861,0.1093
362,0.0053766,0.0057368,0.15581,0.0099085,6.1861,0.1093
363,0.0053766,0.0057368,0.15581,0.0099085,6.1861,0.1093
364,0.0053766,0.0057368,0.15581,0.0099085,6.1861,0.1093
365,0.0053766,0.0057368,0.15581,0.0099085,6.1861,0.1093
366,0.0053766,0.0057368,0.15581,0.0099085,6.1861,0.1093
367,0.0053766,0.0057368,0.15581,0.0099085,6.1861,0.1093
368,0.0053766,0.0057368,0.15581,0.0099085,6.1861,0.1093
369,0.0053766,0.0057368,0.15581,0.0099085,6.1861,0.1093
370,0.0053766,0.0057368,0.15581,0.0099085,6.1861,0.1093
371,0.0053766,0.0057368,0.15581,0.0099085,6.1861,0.1093
372,0.0053766,0.0057368,0.15581,0.0099085,6.1861,0.1093
373,0.0053766,0.0057368,0.15581,0.0099085,6.1861,0.1093
374,0.0053766,0.0057368,0.15581,0.0099085,6.1861,0.1093
375,0.0053766,0.0057368,0.15581,0.0099085,6.1861,0.1093
376,0.0053766,0.0057368,0.15581,0.0099085,6.1861,0.1093
377,0.0053766,0.0057368,0.15581,0.0099085,6.1861,0.1093
378,0.0053766,0.0057368,0.15581,0.0099085,6.1861,0.1093
379,0.0053766,0.0057368,0.15581,0.0099085,6.1861,0.1093
380,0.0053766,0.0057368,0.15581,0.0099085,6.1861,0.1093
381,0.0053766,0.0057368,0.15581,0.0099085,6.1861,0.1093
382,0.0053766,0.0057368,0.15581,0.0099085,6.1861,0.1093
383,0.0053766,0.0057368,0.15581,0.0099085,6.1861,0.1093
384,0.0053766,0.0057368,0.15581,0.0099085,6.1861,0.1093
385,0.0053766,0.0057368,0.15581,0.0099085,6.1861,0.1093
386,0.0053766,0.0057368,0.15581,0.0099085,6.1861,0.1093
387,0.0053766,0.0057368,0.15581,0.0099085,6.1861,0.1093
388,0.0053766,0.0057368,0.15581,0.0099085,6.1861,0.1093
389,0.0053766,0.0057368,0.15581,0.0099085,6.1861,0.1093
390,0.0053766,0.0057368,0.15581,0.0099085,6.1861,0.1093
391,0.0053766,0.0057368,0.15581,0.0099085,6.1861,0.1093
392,0.0053766,0.0057368,0.15581,0.0099085,6.1861,0.1093
393,0.0053766,0.0057368,0.15581,0.0099085,6.1861,0.1093
394,0.0053766,0.0057368,0.15581,0.0099085,6.1861,0.1093
395,0.0053766,0.0057368,0.15581,0.0099085,6.1861,0.1093
396,0.0053766,0.0057368,0.15581,0.0099085,6.1861,0.1093
397,0.0053766,0.0057368,0.15581,0.0099085,6.1861,0.1093
398,0.0053766,0.0057368,0.15581,0.0099085,6.1861,0.1093
399,0.0053766,0.0057368,0.15581,0.0099085,6.1861,0.1093
400,0.0053766,0.0057368,0.15581,0.0099085,6.1861,0.1093
401,0.0053766,0.0057368,0.15581,0.0099085,6.1861,0.1093
402,0.0053766,0.0057368,0.15581,0.0099085,6.1861,0.1093
403,0.0053766,0.0057368,0.15581,0.0099085,6.1861,0.1093
404,0.0053766,0.0057368,0.15581,0.0099085,6.1861,0.1093
405,0.0053766,0.0057368,0.15581,0.0099085,6.1861,0.1093
406,0.0053766,0.0057368,0.15581,0.0099085,6.1861,0.1093
407,0.0053766,0.0057368,0.15581,0.0099085,6.1861,0.1093
408,0.0053766,0.0057368,0.15581,0.0099085,6.1861,0.1093
409,0.0053766,0.0057368,0.15581,0.0099085,6.1861,0.1093
410,0.0053766,0.0057368,0.15581,0.0099085,6.1861,0.1093
411,0.0053766,0.0057368,0.15581,0.0099085,6.1861,0.1093
412,0.0053766,0.0057368,0.15581,0.0099085,6.1861,0.1093
413,0.0053766,0.0057368,0.15581,0.0099085,6.1861,0.1093
414,0.0053766,0.0057368,0.15581,0.0099085,6.1861,0.1093
415,0.0053766,0.0057368,0.15581,0.0099085,6.1861,0.1093
416,0.0053766,0.0057368,0.15581,0.0099085,6.1861,0.1093
417,0.0053766,0.0057368,0.15581,0.0099085,6.1861,0.1093
418,0.0053766,0.0057368,0.15581,0.0099085,6.1861,0.1093
419,0.0053766,0.0057368,0.15581,0.0099085,6.1861,0.1093
420,0.0053766,0.0057368,0.15581,0.0099085,6.1861,0.1093
421,0.0053766,0.0057368,0.15581,0.0099085,6.1861,0.1093
422,0.0053766,0.0057368,0.15581,0.0099085,6.1861,0.1093
423,0.0053766,0.0057368,0.15581,0.0099085,6.1861,0.1093
424,0.0053766,0.0057368,0.15581,0.0099085,6.1861,0.1093
425,0.0053766,0.0057368,0.15581,0.0099085,6.1861,0.1093
426,0.0053766,0.0057368,0.15581,0.0099085,6.1861,0.1093
427,0.0053766,0.0057368,0.15581,0.0099085,6.1861,0.1093
428,0.0053766,0.0057368,0.15581,0.0099085,6.1861,0.1093
429,0.0053766,0.0057368,0.15581,0.0099085,6.1861,0.1093
430,0.0053766,0.0057368,0.15581,0.0099085,6.1861,0.1093
431,0.0053766,0.0057368,0.15581,0.0099085,6.1861,0.1093
432,0.0053766,0.0057368,0.15581,0.0099085,6.1861,0.1093
433,0.0053766,0.0057368,0.15581,0.0099085,6.1861,0.1093
434,0.0053766,0.0057368,0.15581,0.0099085,6.1861,0.1093
435,0.0053766,0.0057368,0.15581,0.0099085,6.1861,0.1093
436,0.0053766,0.0057368,0.15581,0.0099085,6.1861,0.1093
437,0.0053766,0.0057368,0.15581,0.0099085,6.1861,0.1093
438,0.0053766,0.0057368,0.15581,0.0099085,6.1861,0.1093
439,0.0053766,0.0057368,0.15581,0.0099085,6.1861,0.1093
440,0.0053766,0.0057368,0.15581,0.0099085,6.1861,0.1093
441,0.0053766,0.0057368,0.15581,0.0099085,6.1861,0.1093
442,0.0053766,0.0057368,0.15581,0.0099085,6.1861,0.1093
443,0.0053766,0.0057368,0.15581,0.0099085,6.1861,0.1093
444,0.0053766,0.0057368,0.15581,0.0099085,6.1861,0.1093
445,0.0053766,0.0057368,0.15581,0.0099085,6.1861,0.1093
446,0.0053766,0.0057368,0.15581,0.0099085,6.1861,0.1093
447,0.0053766,0.0057368,0.15581,0.0099085,6.1861,0.1093
448,0.0053766,0.0057368,0.15581,0.0099085,6.1861,0.1093
449,0.0053766,0.0057368,0.15581,0.0099085,6.1861,0.1093
450,0.0053766,0.0057368,0.15581,0.0099085,6.1861,0.1093
451,0.0053766,0.0057368,0.15581,0.0099085,6.1861,0.1093
452,0.0053766,0.0057368,0.15581,0.0099085,6.1861,0.1093
453,0.0053766,0.0057368,0.15581,0.0099085,6.1861,0.0046891
454,0.0053766,0.0057368,0.15581,0.0099085,6.1861,0.0046891
455,0.0053766,0.0057368,0.15581,0.0099085,6.1861,0.0046891
456,0.0053766,0.0057368,0.15581,0.0099085,6.1861,0.0046891
457,0.0053766,0.0057368,0.15581,0.0099085,6.1861,0.0046891
458,0.0053766,0.0057368,0.15581,0.0099085,6.1861,0.0046891
459,0.0053766,0.0057368,0.15581,0.0099085,6.1861,0.0046891
460,0.0053766,0.0057368,0.15581,0.0099085,6.1861,0.0046891
461,0.0053766,0.0057368,0.15581,0.0099085,6.1861,0.0046891
462,0.0053766,0.0057368,0.15581,0.0099085,6.1861,0.0046891
463,0.0053766,0.0057368,0.15581,0.0099085,6.1861,0.0046891
464,0.0053766,0.0057368,0.15581,0.0099085,6.1861,0.0046891
465,0.0053766,0.0057368,0.15581,0.0099085,6.1861,0.0046891
466,0.0053766,0.0057368,0.15581,0.0099085,6.1861,0.0046891
467,0.0053766,0.0057368,0.15581,0.0099085,6.1861,0.0046891
468,0.0053766,0.0057368,0.15581,0.0099085,6.1861,0.0046891
469,0.0053766,0.0057368,0.15581,0.0099085,6.1861,0.0046891
470,0.0053766,0.0057368,0.15581,0.0099085,6.1861,0.0046891
471,0.0053766,0.0057368,0.15581,0.0099085,6.1861,0.0046891
472,0.0053766,0.0057368,0.15581,0.0099085,6.1861,0.0046891
473,0.0053766,0.0057368,0.15581,0.0099085,6.1861,0.0046891
474,0.0053766,0.0057368,0.15581,0.0099085,6.1861,0.0046891
475,0.0053766,0.0057368,0.15581,0.0099085,6.1861,0.0046891
476,0.0053766,0.0057368,0.15581,0.0099085,6.1861,0.0046891
477,0.0053766,0.0057368,0.15581,0.0099085,6.1861,0.0046891
478,0.0053766,0.0057368,0.15581,0.0099085,6.1861,0.0046891
479,0.0053766,0.0057368,0.15581,0.0099085,6.1861,0.0046891
480,0.0053766,0.0057368,0.15581,0.0099085,6.1861,0.0046891
481,0.0053766,0.0057368,0.15581,0.0099085,6.1861,0.0046891
482,0.0053766,0.0057368,0.15581,0.0099085,6.1861,0.0046891
483,0.0053766,0.0057368,0.15581,0.0099085,6.1861,0.0046891
484,0.0053766,0.0057368,0.15581,0.0099085,6.1861,0.0046891
485,0.0053766,0.0057368,0.15581,0.0099085,6.1861,0.0046891
486,0.0053766,0.0057368,0.15581,0.0099085,6.1861,0.0046891
487,0.0053766,0.0057368,0.15581,0.0099085,6.1861,0.0046891
488,0.0053766,0.0057368,0.15581,0.0099085,6.1861,0.0046891
489,0.0053766,0.0057368,0.15581,0.0099085,6.1861,0.0046891
490,0.0053766,0.0057368,0.15581,0.0099085,6.1861,0.0046891
491,0.0053766,0.0057368,0.15581,0.0099085,6.1861,0.0046891
492,0.0053766,0.0057368,0.15581,0.0099085,6.1861,0.0046891
493,0.0053766,0.0057368,0.15581,0.0099085,6.1861,0.0046891
494,0.0053766,0.0057368,0.15581,0.0099085,6.1861,0.0046891
495,0.0053766,0.0057368,0.15581,0.0099085,6.1861,0.0046891
496,0.0053766,0.0057368,0.15581,0.0099085,6.1861,0.0046891
497,0.0053766,0.0057368,0.15581,0.0099085,6.1861,0.0046891
498,0.0053766,0.0057368,0.15581,0.0099085,6.1861,0.0046891
499,0.0053766,0.0057368,0.15581,0.0099085,6.1861,0.0046891
500,0.0053766,0.0057368,0.15581,0.0099085,6.1861,0.0046891
501,0.0053766,0.0057368,0.15581,0.0099085,6.1861,0
502,0.0053766,0.0057368,0.15581,0.0099085,6.1861,0
503,0.0053766,0.0057368,0.15581,0.0099085,6.1861,0
504,0.0053766,0.0057368,0.15581,0.0099085,6.1861,0
505,0.0053766,0.0057368,0.15581,0.0099085,6.1861,0
506,0.0053766,0.0057368,0.15581,0.0099085,6.1861,0
507,0.0053766,0.0057368,0.15581,0.0099085,6.1861,0
508,0.0053766,0.0057368,0.15581,0.0099085,6.1861,0
509,0.0053766,0.0057368,0.15581,0.0099085,6.1861,0
510,0.0053766,0.0057368,0.15581,0.0099085,6.1861,0
511,0.0053766,0.0057368,0.15581,0.0099085,6.1861,0
512,0.0053766,0.0057368,0.15581,0.0099085,6.1861,0
513,0.0053766,0.0057368,0.15581,0.0099085,6.1861,0
514,0.0053766,0.0057368,0.15581,0.0099085,6.1861,0
515,0.0053766,0.0057368,0.15581,0.0099085,6.1861,0
516,0.0053766,0.0057368,0.15581,0.0099085,6.1861,0
517,0.0053766,0.0057368,0.15581,0.0099085,6.1861,0
518,0.0053766,0.0057368,0.15581,0.0099085,6.1861,0
519,0.0053766,0.0057368,0.15581,0.0099085,6.1861,0
520,0.0053766,0.0057368,0.15581,0.0099085,6.1861,0
521,0.0053766,0.0057368,0.15581,0.0099085,6.1861,0
522,0.0053766,0.0057368,0.15581,0.0099085,6.1861,0
523,0.0053766,0.0057368,0.15581,0.0099085,6.1861,0
524,0.0053766,0.0057368,0.15581,0.0099085,6.1861,0
525,0.0053766,0.0057368,0.15581,0.0099085,6.1861,0
526,0.0053766,0.0057368,0.15581,0.0099085,6.1861,0
527,0.0053766,0.0057368,0.15581,0.0099085,6.1861,0
528,0.0053766,0.0057368,0.15581,0.0099085,6.1861,0
529,0.0053766,0.0057368,0.15581,0.0099085,6.1861,0
530,0.0053766,0.0057368,0.15581,0.0099085,6.1861,0
531,0.0053766,0.0057368,0.15581,0.0099085,6.1861,0
532,0.0053766,0.0057368,0.15581,0.0099085,6.1861,0
533,0.0053766,0.0057368,0.15581,0.0099085,6.1861,0
534,0.0053766,0.0057368,0.15581,0.0099085,6.1861,0
535,0.0053766,0.0057368,0.15581,0.0099085,6.1861,0
536,0.0053766,0.0057368,0.15581,0.0099085,6.1861,0
537,0.0053766,0.0057368,0.15581,0.0099085,6.1861,0
538,0.0053766,0.0057368,0.15581,0.0099085,6.1861,0
539,0.0053766,0.0057368,0.15581,0.0099085,6.1861,0
540,0.0053766,0.0057368,0.15581,0.0099085,6.1861,0
541,0.0053766,0.0057368,0.15581,0.0099085,6.1861,0
542,0.0053766,0.0057368,0.15581,0.0099085,6.1861,0
543,0.0053766,0.0057368,0.15581,0.0099085,6.1861,0
544,0.0053766,0.0057368,0.15581,0.0099085,6.1861,0
545,0.0053766,0.0057368,0.15581,0.0099085,6.1861,0
546,0.0053766,0.0057368,0.15581,0.0099085,6.1861,0
547,0.0053766,0.0057368,0.15581,0.0099085,6.1861,0
548,0.0053766,0.0057368,0.15581,0.0099085,6.1861,0
549,0.0053766,0.0057368,0.15581,0.0099085,6.1861,0
550,0.0053766,0.0057368,0.15581,0.0099085,6.1861,0
551,0.0053766,0.0057368,0.15581,0.0099085,6.1861,0
552,0.0053766,0.0057368,0.15581,0.0099085,6.1861,0
553,0.0053766,0.0057368,0.15581,0.0099085,6.1861,0
554,0.0053766,0.0057368,0.15581,0.0099085,6.1861,0
555,0.0053766,0.0057368,0.15581,0.0099085,6.1861,0
556,0.0053766,0.0057368,0.15581,0.0099085,6.1861,0
557,0.0053766,0.0057368,0.15581,0.0099085,6.1861,0
558,0.0053766,0.0057368,0.15581,0.0099085,6.1861,0
559,0.0053766,0.0057368,0.15581,0.0099085,6.1861,0
560,0.0053766,0.0057368,0.15581,0.0099085,6.1861,0
561,0.0053766,0.0057368,0.15581,0.0099085,6.1861,0
562,0.0053766,0.0057368,0.15581,0.0099085,6.1861,0
563,0.0053766,0.0057368,0.15581,0.0099085,6.1861,0
564,0.0053766,0.0057368,0.15581,0.0099085,6.1861,0
565,0.0053766,0.0057368,0.15581,0.0099085,6.1861,0
566,0.0053766,0.0057368,0.15581,0.0099085,6.1861,0
567,0.0053766,0.0057368,0.15581,0.0099085,6.1861,0
568,0.0053766,0.0057368,0.15581,0.0099085,6.1861,0
569,0.0053766,0.0057368,0.15581,0.0099085,6.1861,0
570,0.0053766,0.0057368,0.15581,0.0099085,6.1861,0
571,0.0053766,0.0057368,0.15581,0.0099085,6.1861,0
572,0.0053766,0.0057368,0.15581,0.0099085,6.1861,0
573,0.0053766,0.0057368,0.15581,0.0099085,6.1861,0
574,0.0053766,0.0057368,0.15581,0.0099085,6.1861,0
575,0.0053766,0.0057368,0.15581,0.0099085,6.1861,0
576,0.0053766,0.0057368,0.15581,0.0099085,6.1861,0
577,0.0053766,0.0057368,0.15581,0.0099085,6.1861,0
578,0.0053766,0.0057368,0.15581,0.0099085,6.1861,0
579,0.0053766,0.0057368,0.15581,0.0099085,6.1861,0
580,0.0053766,0.0057368,0.15581,0.0099085,6.1861,0
581,0.0053766,0.0057368,0.15581,0.0099085,6.1861,0
582,0.0053766,0.0057368,0.15581,0.0099085,6.1861,0
583,0.0053766,0.0057368,0.15581,0.0099085,6.1861,0
584,0.0053766,0.0057368,0.15581,0.0099085,6.1861,0
585,0.0053766,0.0057368,0.15581,0.0099085,6.1861,0
586,0.0053766,0.0057368,0.15581,0.0099085,6.1861,0
587,0.0053766,0.0057368,0.15581,0.0099085,6.1861,0
588,0.0053766,0.0057368,0.15581,0.0099085,6.1861,0
589,0.0053766,0.0057368,0.15581,0.0099085,6.1861,0
590,0.0053766,0.0057368,0.15581,0.0099085,6.1861,0
591,0.0053766,0.0057368,0.15581,0.0099085,6.1861,0
592,0.0053766,0.0057368,0.15581,0.0099085,6.1861,0
593,0.0053766,0.0057368,0.15581,0.0099085,6.1861,0
594,0.0053766,0.0057368,0.15581,0.0099085,6.1861,0
595,0.0053766,0.0057368,0.15581,0.0099085,6.1861,0
596,0.0053766,0.0057368,0.15581,0.0099085,6.1861,0
597,0.0053766,0.0057368,0.15581,0.0099085,6.1861,0
598,0.0053766,0.0057368,0.15581,0.0099085,6.1861,0
599,0.0053766,0.0057368,0.15581,0.0099085,6.1861,0
600,0.0053766,0.0057368,0.15581,0.0099085,6.1861,0
601,0.0053766,0.0057368,0.15581,0.0099085,0,0
602,0.0053766,0.0057368,0.15581,0.0099085,0,0
603,0.0053766,0.0057368,0.15581,0.0099085,0,0
604,0.0053766,0.0057368,0.15581,0.0099085,0,0
605,0.0053766,0.0057368,0.15581,0.0099085,0,0
606,0.0053766,0.0057368,0.15581,0.0099085,0,0
607,0.0053766,0.0057368,0.15581,0.0099085,0,0
608,0.0053766,0.0057368,0.15581,0.0099085,0,0
609,0.0053766,0.0057368,0.15581,0.0099085,0,0
610,0.0053766,0.0057368,0.15581,0.0099085,0,0
611,0.0053766,0.0057368,0.15581,0.0099085,0,0
612,0.0053766,0.0057368,0.15581,0.0099085,0,0
613,0.0053766,0.0057368,0.15581,0.0099085,0,0
614,0.0053766,0.0057368,0.15581,0.0099085,0,0
615,0.0053766,0.0057368,0.15581,0.0099085,0,0
616,0.0053766,0.0057368,0.15581,0.0099085,0,0
617,0.0053766,0.0057368,0.15581,0.0099085,0,0
618,0.0053766,0.0057368,0.15581,0.0099085,0,0
619,0.0053766,0.0057368,0.15581,0.0099085,0,0
620,0.0053766,0.0057368,0.15581,0.0099085,0,0
621,0.0053766,0.0057368,0.15581,0.0099085,0,0
622,0.0053766,0.0057368,0.15581,0.0099085,0,0
623,0.0053766,0.0057368,0.15581,0.0099085,0,0
624,0.0053766,0.0057368,0.15581,0.0099085,0,0
625,0.0053766,0.0057368,0.15581,0.0099085,0,0
626,0.0053766,0.0057368,0.15581,0.0099085,0,0
627,0.0053766,0.0057368,0.15581,0.0099085,0,0
628,0.0053766,0.0057368,0.15581,0.0099085,0,0
629,0.0053766,0.0057368,0.15581,0.0099085,0,0
630,0.0053766,0.0057368,0.15581,0.0099085,0,0
631,0.0053766,0.0057368,0.15581,0.0099085,0,0
632,0.0053766,0.0057368,0.15581,0.0099085,0,0
633,0.0053766,0.0057368,0.15581,0.0099085,0,0
634,0.0053766,0.0057368,0.15581,0.0099085,0,0
635,0.0053766,0.0057368,0.15581,0.0099085,0,0
636,0.0053766,0.0057368,0.15581,0.0099085,0,0
637,0.0053766,0.0057368,0.15581,0.0099085,0,0
638,0.0053766,0.0057368,0.15581,0.0099085,0,0
639,0.0053766,0.0057368,0.15581,0.0099085,0,0
640,0.0053766,0.0057368,0.15581,0.0099085,0,0
641,0.0053766,0.0057368,0.15581,0.0099085,0,0
642,0.0053766,0.0057368,0.15581,0.0099085,0,0
643,0.0053766,0.0057368,0.15581,0.0099085,0,0
644,0.0053766,0.0057368,0.15581,0.0099085,0,0
645,0.0053766,0.0057368,0.15581,0.0099085,0,0
646,0.0053766,0.0057368,0.15581,0.0099085,0,0
647,0.0053766,0.0057368,0.15581,0.0099085,0,0
648,0.0053766,0.0057368,0.15581,0.0099085,0,0
649,0.0053766,0.0057368,0.15581,0.0099085,0,0
650,0.0053766,0.0057368,0.15581,0.0099085,0,0
651,0.0053766,0.0057368,0.15581,0.0099085,0,0
652,0.0053766,0.0057368,0.15581,0.0099085,0,0
653,0.0053766,0.0057368,0.15581,0.0099085,0,0
654,0.0053766,0.0057368,0.15581,0.0099085,0,0
655,0.0053766,0.0057368,0.15581,0.0099085,0,0
656,0.0053766,0.0057368,0.15581,0.0099085,0,0
657,0.0053766,0.0057368,0.15581,0.0099085,0,0
658,0.0053766,0.0057368,0.15581,0.0099085,0,0
659,0.0053766,0.0057368,0.15581,0.0099085,0,0
660,0.0053766,0.0057368,0.15581,0.0099085,0,0
661,0.0053766,0.0057368,0.15581,0.0099085,0,0
662,0.0053766,0.0057368,0.15581,0.0099085,0,0
663,0.0053766,0.0057368,0.15581,0.0099085,0,0
664,0.0053766,0.0057368,0.15581,0.0099085,0,0
665,0.0053766,0.0057368,0.15581,0.0099085,0,0
666,0.0053766,0.0057368,0.15581,0.0099085,0,0
667,0.0053766,0.0057368,0.15581,0.0099085,0,0
668,0.0053766,0.0057368,0.15581,0.0099085,0,0
669,0.0053766,0.0057368,0.15581,0.0099085,0,0
670,0.0053766,0.0057368,0.15581,0.0099085,0,0
671,0.0053766,0.0057368,0.15581,0.0099085,0,0
672,0.0053766,0.0057368,0.15581,0.0099085,0,0
673,0.0053766,0.0057368,0.15581,0.0099085,0,0
674,0.0053766,0.0057368,0.15581,0.0099085,0,0
675,0.0053766,0.0057368,0.15581,0.0099085,0,0
676,0.0053766,0.0057368,0.15581,0.0099085,0,0
677,0.0053766,0.0057368,0.15581,0.0099085,0,0
678,0.0053766,0.0057368,0.15581,0.0099085,0,0
679,0.0053766,0.0057368,0.15581,0.0099085,0,0
680,0.0053766,0.0057368,0.15581,0.0099085,0,0
681,0.0053766,0.0057368,0.15581,0.0099085,0,0
682,0.0053766,0.0057368,0.15581,0.0099085,0,0
683,0.0053766,0.0057368,0.15581,0.0099085,0,0
684,0.0053766,0.0057368,0.15581,0.0099085,0,0
685,0.0053766,0.0057368,0.15581,0.0099085,0,0
686,0.0053766,0.0057368,0.15581,0.0099085,0,0
687,0.0053766,0.0057368,0.15581,0.0099085,0,0
688,0.0053766,0.0057368,0.15581,0.0099085,0,0
689,0.0053766,0.0057368,0.15581,0.0099085,0,0
690,0.0053766,0.0057368,0.15581,0.0099085,0,0
691,0.0053766,0.0057368,0.15581,0.0099085,0,0
692,0.0053766,0.0057368,0.15581,0.0099085,0,0
693,0.0053766,0.0057368,0.15581,0.0099085,0,0
694,0.0053766,0.0057368,0.15581,0.0099085,0,0
695,0.0053766,0.0057368,0.15581,0.0099085,0,0
696,0.0053766,0.0057368,0.15581,0.0099085,0,0
697,0.0053766,0.0057368,0.15581,0.0099085,0,0
698,0.0053766,0.0057368,0.15581,0.0099085,0,0
699,0.0053766,0.0057368,0.15581,0.0099085,0,0
700,0.0053766,0.0057368,0.15581,0.0099085,0,0
701,0.0053766,0.0057368,0.15581,0,0,0
702,0.0053766,0.0057368,0.15581,0,0,0
703,0.0053766,0.0057368,0.15581,0,0,0
704,0.0053766,0.0057368,0.15581,0,0,0
705,0.0053766,0.0057368,0.15581,0,0,0
706,0.0053766,0.0057368,0.15581,0,0,0
707,0.0053766,0.0057368,0.15581,0,0,0
708,0.0053766,0.0057368,0.15581,0,0,0
709,0.0053766,0.0057368,0.15581,0,0,0
710,0.0053766,0.0057368,0.15581,0,0,0
711,0.0053766,0.0057368,0.15581,0,0,0
712,0.0053766,0.0057368,0.15581,0,0,0
713,0.0053766,0.0057368,0.15581,0,0,0
714,0.0053766,0.0057368,0.15581,0,0,0
715,0.0053766,0.0057368,0.15581,0,0,0
716,0.0053766,0.0057368,0.15581,0,0,0
717,0.0053766,0.0057368,0.15581,0,0,0
718,0.0053766,0.0057368,0.15581,0,0,0
719,0.0053766,0.0057368,0.15581,0,0,0
720,0.0053766,0.0057368,0.15581,0,0,0
721,0.0053766,0.0057368,0.15581,0,0,0
722,0.0053766,0.0057368,0.15581,0,0,0
723,0.0053766,0.0057368,0.15581,0,0,0
724,0.0053766,0.0057368,0.15581,0,0,0
725,0.0053766,0.0057368,0.15581,0,0,0
726,0.0053766,0.0057368,0.15581,0,0,0
727,0.0053766,0.0057368,0.15581,0,0,0
728,0.0053766,0.0057368,0.15581,0,0,0
729,0.0053766,0.0057368,0.15581,0,0,0
730,0.0053766,0.0057368,0.15581,0,0,0
731,0.0053766,0.0057368,0.15581,0,0,0
732,0.0053766,0.0057368,0.15581,0,0,0
733,0.0053766,0.0057368,0.15581,0,0,0
734,0.0053766,0.0057368,0.15581,0,0,0
735,0.0053766,0.0057368,0.15581,0,0,0
736,0.0053766,0.0057368,0.15581,0,0,0
737,0.0053766,0.0057368,0.15581,0,0,0
738,0.0053766,0.0057368,0.15581,0,0,0
739,0.0053766,0.0057368,0.15581,0,0,0
740,0.0053766,0.0057368,0.15581,0,0,0
741,0.0053766,0.0057368,0.15581,0,0,0
742,0.0053766,0.0057368,0.15581,0,0,0
743,0.0053766,0.0057368,0.15581,0,0,0
744,0.0053766,0.0057368,0.15581,0,0,0
745,0.0053766,0.0057368,0.15581,0,0,0
746,0.0053766,0.0057368,0.15581,0,0,0
747,0.0053766,0.0057368,0.15581,0,0,0
748,0.0053766,0.0057368,0.15581,0,0,0
749,0.0053766,0.0057368,0.15581,0,0,0
750,0.0053766,0.0057368,0.15581,0,0,0
751,0.0053766,0.0057368,0.15581,0,0,0
752,0.0053766,0.0057368,0.15581,0,0,0
753,0.0053766,0.0057368,0.15581,0,0,0
754,0.0053766,0.0057368,0.15581,0,0,0
755,0.0053766,0.0057368,0.15581,0,0,0
756,0.0053766,0.0057368,0.15581,0,0,0
757,0.0053766,0.0057368,0.15581,0,0,0
758,0.0053766,0.0057368,0.15581,0,0,0
759,0.0053766,0.0057368,0.15581,0,0,0
760,0.0053766,0.0057368,0.15581,0,0,0
761,0.0053766,0.0057368,0.15581,0,0,0
762,0.0053766,0.0057368,0.15581,0,0,0
763,0.0053766,0.0057368,0.15581,0,0,0
764,0.0053766,0.0057368,0.15581,0,0,0
765,0.0053766,0.0057368,0.15581,0,0,0
766,0.0053766,0.0057368,0.15581,0,0,0
767,0.0053766,0.0057368,0.15581,0,0,0
768,0.0053766,0.0057368,0.15581,0,0,0
769,0.0053766,0.0057368,0.15581,0,0,0
770,0.0053766,0.0057368,0.15581,0,0,0
771,0.0053766,0.0057368,0.15581,0,0,0
772,0.0053766,0.0057368,0.15581,0,0,0
773,0.0053766,0.0057368,0.15581,0,0,0
774,0.0053766,0.0057368,0.15581,0,0,0
775,0.0053766,0.0057368,0.15581,0,0,0
776,0.0053766,0.0057368,0.15581,0,0,0
777,0.0053766,0.0057368,0.15581,0,0,0
778,0.0053766,0.0057368,0.15581,0,0,0
779,0.0053766,0.0057368,0.15581,0,0,0
780,0.0053766,0.0057368,0.15581,0,0,0
781,0.0053766,0.0057368,0.15581,0,0,0
782,0.0053766,0.0057368,0.15581,0,0,0
783,0.0053766,0.0057368,0.15581,0,0,0
784,0.0053766,0.0057368,0.15581,0,0,0
785,0.0053766,0.0057368,0.15581,0,0,0
786,0.0053766,0.0057368,0.15581,0,0,0
787,0.0053766,0.0057368,0.15581,0,0,0
788,0.0053766,0.0057368,0.15581,0,0,0
789,0.0053766,0.0057368,0.15581,0,0,0
790,0.0053766,0.0057368,0.15581,0,0,0
791,0.0053766,0.0057368,0.15581,0,0,0
792,0.0053766,0.0057368,0.15581,0,0,0
793,0.0053766,0.0057368,0.15581,0,0,0
794,0.0053766,0.0057368,0.15581,0,0,0
795,0.0053766,0.0057368,0.15581,0,0,0
796,0.0053766,0.0057368,0.15581,0,0,0
797,0.0053766,0.0057368,0.15581,0,0,0
798,0.0053766,0.0057368,0.15581,0,0,0
799,0.0053766,0.0057368,0.15581,0,0,0
800,0.0053766,0.0057368,0.15581,0,0,0
801,0.0053766,0.0057368,0,0,0,0
802,0.0053766,0.0057368,0,0,0,0
803,0.0053766,0.0057368,0,0,0,0
804,0.0053766,0.0057368,0,0,0,0
805,0.0053766,0.0057368,0,0,0,0
806,0.0053766,0.0057368,0,0,0,0
807,0.0053766,0.0057368,0,0,0,0
808,0.0053766,0.0057368,0,0,0,0
809,0.0053766,0.0057368,0,0,0,0
810,0.0053766,0.0057368,0,0,0,0
811,0.0053766,0.0057368,0,0,0,0
812,0.0053766,0.0057368,0,0,0,0
813,0.0053766,0.0057368,0,0,0,0
814,0.0053766,0.0057368,0,0,0,0
815,0.0053766,0.0057368,0,0,0,0
816,0.0053766,0.0057368,0,0,0,0
817,0.0053766,0.0057368,0,0,0,0
818,0.0053766,0.0057368,0,0,0,0
819,0.0053766,0.0057368,0,0,0,0
820,0.0053766,0.0057368,0,0,0,0
821,0.0053766,0.0057368,0,0,0,0
822,0.0053766,0.0057368,0,0,0,0
823,0.0053766,0.0057368,0,0,0,0
824,0.0053766,0.0057368,0,0,0,0
825,0.0053766,0.0057368,0,0,0,0
826,0.0053766,0.0057368,0,0,0,0
827,0.0053766,0.0057368,0,0,0,0
828,0.0053766,0.0057368,0,0,0,0
829,0.0053766,0.0057368,0,0,0,0
830,0.0053766,0.0057368,0,0,0,0
831,0.0053766,0.0057368,0,0,0,0
832,0.0053766,0.0057368,0,0,0,0
833,0.0053766,0.0057368,0,0,0,0
834,0.0053766,0.0057368,0,0,0,0
835,0.0053766,0.0057368,0,0,0,0
836,0.0053766,0.0057368,0,0,0,0
837,0.0053766,0.0057368,0,0,0,0
838,0.0053766,0.0057368,0,0,0,0
839,0.0053766,0.0057368,0,0,0,0
840,0.0053766,0.0057368,0,0,0,0
841,0.0053766,0.0057368,0,0,0,0
842,0.0053766,0.0057368,0,0,0,0
843,0.0053766,0.0057368,0,0,0,0
844,0.0053766,0.0057368,0,0,0,0
845,0.0053766,0.0057368,0,0,0,0
846,0.0053766,0.0057368,0,0,0,0
847,0.0053766,0.0057368,0,0,0,0
848,0.0053766,0.0057368,0,0,0,0
849,0.0053766,0.0057368,0,0,0,0
850,0.0053766,0.0057368,0,0,0,0
851,0.0053766,0.0057368,0,0,0,0
852,0.0053766,0.0057368,0,0,0,0
853,0.0053766,0.0057368,0,0,0,0
854,0.0053766,0.0057368,0,0,0,0
855,0.0053766,0.0057368,0,0,0,0
856,0.0053766,0.0057368,0,0,0,0
857,0.0053766,0.0057368,0,0,0,0
858,0.0053766,0.0057368,0,0,0,0
859,0.0053766,0.0057368,0,0,0,0
860,0.0053766,0.0057368,0,0,0,0
861,0.0053766,0.0057368,0,0,0,0
862,0.0053766,0.0057368,0,0,0,0
863,0.0053766,0.0057368,0,0,0,0
864,0.0053766,0.0057368,0,0,0,0
865,0.0053766,0.0057368,0,0,0,0
866,0.0053766,0.0057368,0,0,0,0
867,0.0053766,0.0057368,0,0,0,0
868,0.0053766,0.0057368,0,0,0,0
869,0.0053766,0.0057368,0,0,0,0
870,0.0053766,0.0057368,0,0,0,0
871,0.0053766,0.0057368,0,0,0,0
872,0.0053766,0.0057368,0,0,0,0
873,0.0053766,0.0057368,0,0,0,0
874,0.0053766,0.0057368,0,0,0,0
875,0.0053766,0.0057368,0,0,0,0
876,0.0053766,0.0057368,0,0,0,0
877,0.0053766,0.0057368,0,0,0,0
878,0.0053766,0.0057368,0,0,0,0
879,0.0053766,0.0057368,0,0,0,0
880,0.0053766,0.0057368,0,0,0,0
881,0.0053766,0.0057368,0,0,0,0
882,0.0053766,0.0057368,0,0,0,0
883,0.0053766,0.0057368,0,0,0,0
884,0.0053766,0.0057368,0,0,0,0
885,0.0053766,0.0057368,0,0,0,0
886,0.0053766,0.0057368,0,0,0,0
887,0.0053766,0.0057368,0,0,0,0
888,0.0053766,0.0057368,0,0,0,0
889,0.0053766,0.0057368,0,0,0,0
890,0.0053766,0.0057368,0,0,0,0
891,0.0053766,0.0057368,0,0,0,0
892,0.0053766,0.0057368,0,0,0,0
893,0.0053766,0.0057368,0,0,0,0
894,0.0053766,0.0057368,0,0,0,0
895,0.0053766,0.0057368,0,0,0,0
896,0.0053766,0.0057368,0,0,0,0
897,0.0053766,0.0057368,0,0,0,0
898,0.0053766,0.0057368,0,0,0,0
899,0.0053766,0.0057368,0,0,0,0
900,0.0053766,0.0057368,0,0,0,0
901,0.0053766,0,0,0,0,0
902,0.0053766,0,0,0,0,0
903,0.0053766,0,0,0,0,0
904,0.0053766,0,0,0,0,0
905,0.0053766,0,0,0,0,0
906,0.0053766,0,0,0,0,0
907,0.0053766,0,0,0,0,0
908,0.0053766,0,0,0,0,0
909,0.0053766,0,0,0,0,0
910,0.0053766,0,0,0,0,0
911,0.0053766,0,0,0,0,0
912,0.0053766,0,0,0,0,0
913,0.0053766,0,0,0,0,0
914,0.0053766,0,0,0,0,0
915,0.0053766,0,0,0,0,0
916,0.0053766,0,0,0,0,0
917,0.0053766,0,0,0,0,0
918,0.0053766,0,0,0,0,0
919,0.0053766,0,0,0,0,0
920,0.0053766,0,0,0,0,0
921,0.0053766,0,0,0,0,0
922,0.0053766,0,0,0,0,0
923,0.0053766,0,0,0,0,0
924,0.0053766,0,0,0,0,0
925,0.0053766,0,0,0,0,0
926,0.0053766,0,0,0,0,0
927,0.0053766,0,0,0,0,0
928,0.0053766,0,0,0,0,0
929,0.0053766,0,0,0,0,0
930,0.0053766,0,0,0,0,0
931,0.0053766,0,0,0,0,0
932,0.0053766,0,0,0,0,0
933,0.0053766,0,0,0,0,0
934,0.0053766,0,0,0,0,0
935,0.0053766,0,0,0,0,0
936,0.0053766,0,0,0,0,0
937,0.0053766,0,0,0,0,0
938,0.0053766,0,0,0,0,0
939,0.0053766,0,0,0,0,0
940,0.0053766,0,0,0,0,0
941,0.0053766,0,0,0,0,0
942,0.0053766,0,0,0,0,0
943,0.0053766,0,0,0,0,0
944,0.0053766,0,0,0,0,0
945,0.0053766,0,0,0,0,0
946,0.0053766,0,0,0,0,0
947,0.0053766,0,0,0,0,0
948,0.0053766,0,0,0,0,0
949,0.0053766,0,0,0,0,0
950,0.0053766,0,0,0,0,0
951,0.0053766,0,0,0,0,0
952,0.0053766,0,0,0,0,0
953,0.0053766,0,0,0,0,0
954,0.0053766,0,0,0,0,0
955,0.0053766,0,0,0,0,0
956,0.0053766,0,0,0,0,0
957,0.0053766,0,0,0,0,0
958,0.0053766,0,0,0,0,0
959,0.0053766,0,0,0,0,0
960,0.0053766,0,0,0,0,0
961,0.0053766,0,0,0,0,0
962,0.0053766,0,0,0,0,0
963,0.0053766,0,0,0,0,0
964,0.0053766,0,0,0,0,0
965,0.0053766,0,0,0,0,0
966,0.0053766,0,0,0,0,0
967,0.0053766,0,0,0,0,0
968,0.0053766,0,0,0,0,0
969,0.0053766,0,0,0,0,0
970,0.0053766,0,0,0,0,0
971,0.0053766,0,0,0,0,0
972,0.0053766,0,0,0,0,0
973,0.0053766,0,0,0,0,0
974,0.0053766,0,0,0,0,0
975,0.0053766,0,0,0,0,0
976,0.0053766,0,0,0,0,0
977,0.0053766,0,0,0,0,0
978,0.0053766,0,0,0,0,0
979,0.0053766,0,0,0,0,0
980,0.0053766,0,0,0,0,0
981,0.0053766,0,0,0,0,0
982,0.0053766,0,0,0,0,0
983,0.0053766,0,0,0,0,0
984,0.0053766,0,0,0,0,0
985,0.0053766,0,0,0,0,0
986,0.0053766,0,0,0,0,0
987,0.0053766,0,0,0,0,0
988,0.0053766,0,0,0,0,0
989,0.0053766,0,0,0,0,0
990,0.0053766,0,0,0,0,0
991,0.0053766,0,0,0,0,0
992,0.0053766,0,0,0,0,0
993,0.0053766,0,0,0,0,0
994,0.0053766,0,0,0,0,0
995,0.0053766,0,0,0,0,0
996,0.0053766,0,0,0,0,0
997,0.0053766,0,0,0,0,0
998,0.0053766,0,0,0,0,0
999,0.0053766,0,0,0,0,0
1000,0.0053766,0,0,0,0,0
