1,10.882,7.4637,14.743,14.101,2.0456,11.691
2,10.882,7.4637,14.743,14.101,2.0456,11.691
3,10.882,7.4637,14.743,14.101,2.0456,11.691
4,10.882,7.4637,14.743,0.35777,2.0456,11.691
5,10.882,7.4637,1.9832,0.35777,2.0456,11.691
6,10.882,7.4637,1.9832,0.35777,2.0456,11.691
7,0.32203,7.4637,1.9832,0.35777,2.0456,11.691
8,0.32203,0.23696,1.3847,0.35777,2.0456,11.691
9,0.32203,0.23696,1.3847,0.35777,2.0456,11.691
10,0.32203,0.23696,0.30247,0.35777,2.0456,11.691
11,0.32203,0.23696,0.30247,0.35777,2.0456,11.691
12,0.32203,0.23696,0.30247,0.35777,2.0456,11.691
13,0.32203,0.23696,0.22664,0.35777,2.0456,11.691
14,0.32203,0.23696,0.22664,0.35777,2.0456,11.691
15,0.32203,0.23696,0.22664,0.35777,2.0456,11.691
16,0.09762,0.23696,0.22664,0.35777,2.0456,11.691
17,0.09762,0.23696,0.22664,0.35777,2.0456,11.691
18,0.09762,0.23696,0.22664,0.35777,2.0456,11.691
19,0.09762,0.23696,0.22664,0.35777,2.0456,11.691
20,0.09762,0.23696,0.22664,0.35777,2.0456,11.691
21,0.09762,0.20478,0.22664,0.35777,2.0456,11.691
22,0.09762,0.20478,0.22664,0.35777,2.0456,11.691
23,0.09762,0.093568,0.22664,0.35777,2.0456,11.691
24,0.09762,0.093568,0.22664,0.35777,2.0456,11.691
25,0.09762,0.093568,0.22664,0.35777,2.0456,11.691
26,0.09762,0.093568,0.22664,0.35777,2.0456,11.691
27,0.09762,0.093568,0.22664,0.35777,2.0456,11.691
28,0.09762,0.093568,0.22664,0.35777,2.0456,11.691
29,0.09762,0.093568,0.22664,0.35777,2.0456,11.691
30,0.09762,0.093568,0.22664,0.022536,2.0456,11.691
31,0.09762,0.093568,0.22664,0.022536,2.0456,11.691
32,0.09762,0.093568,0.22664,0.022536,2.0456,11.691
33,0.09762,0.093568,0.22664,0.022536,2.0456,11.691
34,0.09762,0.093568,0.22664,0.022536,2.0456,11.691
35,0.09762,0.093568,0.22664,0.022536,2.0456,11.691
36,0.09762,0.093568,0.22664,0.022536,2.0456,11.691
37,0.09762,0.093568,0.22664,0.022536,2.0456,11.691
38,0.09762,0.093568,0.22664,0.022536,2.0456,11.691
39,0.09762,0.093568,0.22664,0.022536,2.0456,11.691
40,0.09762,0.093568,0.22664,0.022536,2.0456,11.691
41,0.09762,0.093568,0.22664,0.022536,2.0456,11.691
42,0.09762,0.093568,0.22664,0.022536,2.0456,11.691
43,0.09762,0.093568,0.22664,0.022536,2.0456,11.691
44,0.09762,0.093568,0.22664,0.022536,2.0456,11.691
45,0.09762,0.093568,0.22664,0.022536,2.0456,11.691
46,0.09762,0.093568,0.22664,0.022536,2.0456,11.691
47,0.09762,0.093568,0.22664,0.022536,2.0456,11.691
48,0.09762,0.093568,0.22664,0.022536,2.0456,11.691
49,0.09762,0.093568,0.22664,0.022536,2.0456,11.691
50,0.09762,0.093568,0.22664,0.022536,2.0456,11.691
51,0.09762,0.093568,0.22664,0.022536,2.0456,11.691
52,0.09762,0.093568,0.22664,0.022536,2.0456,11.691
53,0.09762,0.093568,0.22664,0.022536,2.0456,11.691
54,0.09762,0.093568,0.22664,0.022536,2.0456,11.691
55,0.09762,0.093568,0.22664,0.022536,2.0456,11.691
56,0.09762,0.093568,0.22664,0.022536,2.0456,11.691
57,0.09762,0.093568,0.22664,0.022536,2.0456,11.691
58,0.09762,0.093568,0.22664,0.022536,2.0456,11.691
59,0.09762,0.093568,0.22664,0.022536,2.0456,11.691
60,0.09762,0.093568,0.22664,0.022536,2.0456,11.691
61,0.09762,0.093568,0.22664,0.022536,2.0456,11.691
62,0.09762,0.093568,0.22664,0.022536,2.0456,11.691
63,0.09762,0.093568,0.22664,0.022536,2.0456,11.691
64,0.09762,0.093568,0.22664,0.022536,2.0456,11.691
65,0.09762,0.093568,0.22664,0.022536,2.0456,11.691
66,0.09762,0.093568,0.22664,0.022536,2.0456,11.691
67,0.09762,0.093568,0.22664,0.022536,2.0456,11.691
68,0.09762,0.093568,0.22664,0.022536,2.0456,11.691
69,0.09762,0.093568,0.22664,0.022536,2.0456,11.691
70,0.09762,0.093568,0.22664,0.022536,2.0456,11.691
71,0.09762,0.093568,0.22664,0.022536,2.0456,11.691
72,0.09762,0.093568,0.22664,0.022536,2.0456,11.691
73,0.0040702,0.093568,0.22664,0.022536,2.0456,0.0098588
74,0.0040702,0.093568,0.22664,0.022536,2.0456,0.0098588
75,0.0040702,0.093568,0.22664,0.022536,2.0456,0.0098588
76,0.0040702,0.093568,0.22664,0.022536,2.0456,0.0098588
77,0.0040702,0.093568,0.22664,0.022536,2.0456,0.0098588
78,0.0040702,0.093568,0.22664,0.022536,2.0456,0.0098588
79,0.0040702,0.093568,0.22664,0.022536,2.0456,0.0098588
80,0.0040702,0.093568,0.22664,0.022536,2.0456,0.0098588
81,0.0040702,0.093568,0.22664,0.022536,2.0456,0.0098588
82,0.0040702,0.093568,0.22664,0.022536,2.0456,0.0098588
83,0.0040702,0.093568,0.22664,0.022536,2.0456,0.0098588
84,0.0040702,0.093568,0.22664,0.022536,2.0456,0.0098588
85,0.0040702,0.093568,0.22664,0.022536,2.0456,0.0098588
86,0.0040702,0.093568,0.22664,0.022536,2.0456,0.0098588
87,0.0040702,0.093568,0.22664,0.022536,2.0456,0.0098588
88,0.0040702,0.093568,0.22664,0.022536,2.0456,0.0098588
89,0.0040702,0.093568,0.22664,0.022536,2.0456,0.0098588
90,0.0040702,0.093568,0.22664,0.022536,2.0456,0.0098588
91,0.0040702,0.093568,0.22664,0.022536,2.0456,0.0098588
92,0.0040702,0.093568,0.22664,0.022536,2.0456,0.0098588
93,0.0040702,0.093568,0.22664,0.022536,2.0456,0.0098588
94,0.0040702,0.093568,0.22664,0.022536,2.0456,0.0098588
95,0.0040702,0.093568,0.22664,0.022536,2.0456,0.0098588
96,0.0040702,0.093568,0.22664,0.022536,2.0456,0.0098588
97,0.0040702,0.093568,0.0038485,0.022536,2.0456,0.0098588
98,0.0040702,0.093568,0.0038485,0.022536,2.0456,0.0098588
99,0.0040702,0.093568,0.0038485,0.022536,2.0456,0.0098588
100,0.0040702,0.093568,0.0038485,0.022536,2.0456,0.0098588
101,0.0040702,0.093568,0.0038485,0.022536,2.0456,0.0098588
102,0.0040702,0.093568,0.0038485,0.022536,2.0456,0.0098588
103,0.0040702,0.093568,0.0038485,0.022536,2.0456,0.0098588
104,0.0040702,0.093568,0.0038485,0.022536,2.0456,0.0098588
105,0.0040702,0.093568,0.0038485,0.022536,2.0456,0.0098588
106,0.0040702,0.093568,0.0038485,0.022536,2.0456,0.0098588
107,0.0040702,0.093568,0.0038485,0.022536,2.0456,0.0098588
108,0.0040702,0.093568,0.0038485,0.022536,2.0456,0.0098588
109,0.0040702,0.093568,0.0038485,0.022536,2.0456,0.0098588
110,0.0040702,0.093568,0.0038485,0.022536,2.0456,0.0098588
111,0.0040702,0.093568,0.0038485,0.022536,2.0456,0.0098588
112,0.0023363,0.093568,0.0038485,0.022536,2.0456,0.0098588
113,0.0023363,0.093568,0.0038485,0.022536,2.0456,0.0098588
114,0.0023363,0.093568,0.0038485,0.022536,2.0456,0.0098588
115,0.0023363,0.093568,0.0038485,0.022536,2.0456,0.0098588
116,0.0023363,0.093568,0.0038485,0.022536,2.0456,0.0098588
117,0.0023363,0.093568,0.0038485,0.022536,2.0456,0.0098588
118,0.0023363,0.093568,0.0038485,0.022536,2.0456,0.0098588
119,0.0023363,0.093568,0.0038485,0.022536,2.0456,0.0098588
120,0.0023363,0.093568,0.0038485,0.022536,2.0456,0.0098588
121,0.0023363,0.093568,0.0038485,0.022536,2.0456,0.0098588
122,0.0023363,0.093568,0.0038485,0.022536,2.0456,0.0098588
123,0.0023363,0.093568,0.0038485,0.022536,2.0456,0.0098588
124,0.0023363,0.093568,0.0038485,0.022536,2.0456,0.0098588
125,0.0023363,0.093568,0.0038485,0.022536,2.0456,0.0098588
126,0.0023363,0.093568,0.0038485,0.022536,2.0456,0.0098588
127,0.0023363,0.093568,0.0038485,0.022536,2.0456,0.0098588
128,0.0023363,0.093568,0.0038485,0.022536,2.0456,0.0098588
129,0.0023363,0.093568,0.0038485,0.022536,2.0456,0.0098588
130,0.0023363,0.093568,0.0038485,0.022536,2.0456,0.0098588
131,0.0023363,0.093568,0.0038485,0.022536,2.0456,0.0098588
132,0.0023363,0.093568,0.0038485,0.022536,2.0456,0.0098588
133,0.0023363,0.093568,0.0038485,0.022536,2.0456,0.0098588
134,0.0023363,0.093568,0.0038485,0.022536,2.0456,0.0098588
135,0.0023363,0.093568,0.0038485,0.022536,2.0456,0.0080817
136,0.0023363,0.093568,0.0038485,0.022536,2.0456,0.0080817
137,0.0023363,0.093568,0.0038485,0.022536,2.0456,0.0080817
138,0.0023363,0.093568,0.0038485,0.022536,2.0456,0.0080817
139,0.0023363,0.093568,0.0038485,0.022536,2.0456,0.0080817
140,0.0023363,0.093568,0.0038485,0.022536,2.0456,0.0080817
141,0.0023363,0.093568,0.0038485,0.022536,2.0456,0.0080817
142,0.0023363,0.093568,0.0038485,0.022536,2.0456,0.0080817
143,0.0023363,0.093568,0.0038485,0.022536,2.0456,0.0080817
144,0.0023363,0.093568,0.0038485,0.022536,2.0456,0.0080817
145,0.0023363,0.093568,0.0038485,0.022536,2.0456,0.0080817
146,0.0023363,0.093568,0.0038485,0.022536,2.0456,0.0080817
147,0.0023363,0.093568,0.0038485,0.022536,2.0456,0.0080817
148,0.0023363,0.093568,0.0038485,0.022536,2.0456,0.0080817
149,0.0023363,0.093568,0.0038485,0.022536,2.0456,0.0080817
150,0.0023363,0.093568,0.0038485,0.022536,2.0456,0.0080817
151,0.0023363,0.093568,0.0038485,0.022536,2.0456,0.0080817
152,0.0023363,0.093568,0.0038485,0.022536,2.0456,0.0080817
153,0.0023363,0.093568,0.0038485,0.022536,2.0456,0.0080817
154,0.0023363,0.093568,0.0038485,0.022536,2.0456,0.0080817
155,0.0023363,0.093568,0.0038485,0.022536,2.0456,0.0080817
156,0.0023363,0.093568,0.0038485,0.022536,2.0456,0.0080817
157,0.0023363,0.093568,0.0038485,0.022536,2.0456,0.0080817
158,0.0023363,0.093568,0.0038485,0.022536,2.0456,0.0080817
159,0.0023363,0.093568,0.0038485,0.022536,2.0456,0.0080817
160,0.0023363,0.093568,0.0038485,0.022536,2.0456,0.0080817
161,0.0023363,0.093568,0.0038485,0.022536,2.0456,0.0080817
162,0.0023363,0.093568,0.0038485,0.022536,2.0456,0.0080817
163,0.0023363,0.093568,0.0038485,0.022536,2.0456,0.0080817
164,0.0023363,0.093568,0.0038485,0.022536,0.024505,0.0080817
165,0.0023363,0.093568,0.0038485,0.022536,0.024505,0.0080817
166,0.0023363,0.093568,0.0038485,0.022536,0.024505,0.0080817
167,0.0023363,0.093568,0.0038485,0.022536,0.024505,0.0080817
168,0.0023363,0.093568,0.0038485,0.022536,0.024505,0.0080817
169,0.0023363,0.093568,0.0038485,0.022536,0.024505,0.0080817
170,0.0023363,0.093568,0.0038485,0.022536,0.024505,0.0080817
171,0.0023363,0.093568,0.0038485,0.022536,0.024505,0.0080817
172,0.0023363,0.093568,0.0038485,0.022536,0.024505,0.0080817
173,0.0023363,0.093568,0.0038485,0.022536,0.024505,0.0080817
174,0.0023363,0.093568,0.0038485,0.022536,0.024505,0.0080817
175,0.0023363,0.093568,0.0038485,0.022536,0.024505,0.0080817
176,0.0023363,0.093568,0.0038485,0.022536,0.024505,0.0080817
177,0.0023363,0.093568,0.0038485,0.022536,0.024505,0.0080817
178,0.0023363,0.093568,0.0038485,0.022536,0.024505,0.0080817
179,0.0023363,0.093568,0.0038485,0.022536,0.024505,0.0080817
180,0.0023363,0.093568,0.0038485,0.022536,0.024505,0.0080817
181,0.0023363,0.093568,0.0038485,0.022536,0.024505,0.0080817
182,0.0023363,0.093568,0.0038485,0.022536,0.024505,0.0080817
183,0.0023363,0.093568,0.0038485,0.022536,0.024505,0.0080817
184,0.0023363,0.093568,0.0038485,0.022536,0.024505,0.0080817
185,0.0023363,0.093568,0.0038485,0.022536,0.024505,0.0080817
186,0.0023363,0.093568,0.0038485,0.022536,0.024505,0.0080817
187,0.0023363,0.093568,0.0038485,0.022536,0.024505,0.0080817
188,0.0023363,0.093568,0.0038485,0.022536,0.024505,0.0080817
189,0.0023363,0.093568,0.0038485,0.022536,0.024505,0.0080817
190,0.0023363,0.093568,0.0038485,0.022536,0.024505,0.0080817
191,0.0023363,0.093568,0.0038485,0.022536,0.024505,0.0080817
192,0.0023363,0.093568,0.0038485,0.022536,0.024505,0.0080817
193,0.0023363,0.093568,0.0038485,0.022536,0.024505,0.0080817
194,0.0023363,0.093568,0.0038485,0.022536,0.024505,0.0080817
195,0.0023363,0.093568,0.0038485,0.022536,0.024505,0.0080817
196,0.0023363,0.093568,0.0038485,0.022536,0.024505,0.0080817
197,0.0023363,0.093568,0.0038485,0.022536,0.024505,0.0080817
198,0.0023363,0.093568,0.0038485,0.022536,0.024505,0.0080817
199,0.0023363,0.093568,0.0038485,0.022536,0.024505,0.0080817
200,0.0023363,0.093568,0.0038485,0.022536,0.024505,0.0080817
201,0.0023363,0.093568,0.0038485,0.022536,0.024505,0.0080817
202,0.0023363,0.093568,0.0038485,0.022536,0.024505,0.0080817
203,0.0023363,0.093568,0.0038485,0.022536,0.024505,0.0080817
204,0.0023363,0.093568,0.0038485,0.022536,0.024505,0.0080817
205,0.0023363,0.093568,0.0038485,0.022536,0.024505,0.0080817
206,0.0023363,0.093568,0.0038485,0.022536,0.024505,0.0080817
207,0.0023363,0.093568,0.0038485,0.022536,0.024505,0.0080817
208,0.0023363,0.093568,0.0038485,0.022536,0.024505,0.0080817
209,0.0023363,0.093568,0.0038485,0.022536,0.024505,0.0080817
210,0.0023363,0.093568,0.0038485,0.022536,0.024505,0.0080817
211,0.0023363,0.093568,0.0038485,0.022536,0.024505,0.0080817
212,0.0023363,0.093568,0.0038485,0.022536,0.024505,0.0080817
213,0.0023363,0.093568,0.0038485,0.022536,0.024505,0.0080817
214,0.0023363,0.093568,0.0038485,0.022536,0.024505,0.0080817
215,0.0023363,0.093568,0.0038485,0.022536,0.024505,0.0080817
216,0.0023363,0.093568,0.0038485,0.022536,0.024505,0.0080817
217,0.0023363,0.093568,0.0038485,0.022536,0.024505,0.0080817
218,0.0023363,0.093568,0.0038485,0.022536,0.024505,0.0080817
219,0.0023363,0.093568,0.0038485,0.022536,0.024505,0.0080817
220,0.0023363,0.093568,0.0038485,0.022536,0.024505,0.0080817
221,0.0023363,0.093568,0.0038485,0.022536,0.024505,0.0080817
222,0.0023363,0.093568,0.0038485,0.022536,0.024505,0.0080817
223,0.0023363,0.093568,0.0038485,0.022536,0.024505,0.0080817
224,0.0023363,0.093568,0.0038485,0.022536,0.024505,0.0080817
225,0.0023363,0.093568,0.0038485,0.022536,0.024505,0.0080817
226,0.0023363,0.093568,0.0038485,0.022536,0.024505,0.0080817
227,0.0023363,0.093568,0.0038485,0.022536,0.024505,0.0080817
228,0.0023363,0.093568,0.0038485,0.022536,0.024505,0.0080817
229,0.0023363,0.093568,0.0038485,0.022536,0.024505,0.0080817
230,0.0023363,0.093568,0.0038485,0.022536,0.024505,0.0080817
231,0.0023363,0.093568,0.0038485,0.022536,0.024505,0.0080817
232,0.0023363,0.093568,0.0038485,0.022536,0.024505,0.0080817
233,0.0023363,0.093568,0.0038485,0.022536,0.024505,0.0080817
234,0.0023363,0.093568,0.0038485,0.022536,0.024505,0.0080817
235,0.0023363,0.093568,0.0038485,0.022536,0.024505,0.0080817
236,0.0023363,0.093568,0.0038485,0.022536,0.024505,0.0080817
237,0.0023363,0.093568,0.0038485,0.022536,0.024505,0.0080817
238,0.0023363,0.093568,0.0038485,0.022536,0.024505,0.0080817
239,0.0023363,0.093568,0.0038485,0.022536,0.024505,0.0080817
240,0.0023363,0.093568,0.0038485,0.022536,0.024505,0.0080817
241,0.0023363,0.093568,0.0038485,0.022536,0.024505,0.0080817
242,0.0023363,0.093568,0.0038485,0.022536,0.024505,0.0080817
243,0.0023363,0.093568,0.0038485,0.022536,0.024505,0.0080817
244,0.0023363,0.093568,0.0038485,0.022536,0.024505,0.0080817
245,0.0023363,0.093568,0.0038485,0.022536,0.024505,0.0080817
246,0.0023363,0.093568,0.0038485,0.022536,0.024505,0.0080817
247,0.0023363,0.093568,0.0038485,0.022536,0.024505,0.0080817
248,0.0023363,0.093568,0.0038485,0.022536,0.024505,0.0080817
249,0.0023363,0.093568,0.0038485,0.022536,0.024505,0.0080817
250,0.0023363,0.093568,0.0038485,0.022536,0.024505,0.0080817
251,0.0023363,0.093568,0.0038485,0.022536,0.024505,0.0080817
252,0.0023363,0.093568,0.0038485,0.022536,0.024505,0.0080817
253,0.0023363,0.093568,0.0038485,0.022536,0.024505,0.0080817
254,0.0023363,0.093568,0.0038485,0.022536,0.024505,0.0080817
255,0.0023363,0.093568,0.0038485,0.022536,0.024505,0.0080817
256,0.0023363,0.093568,0.0038485,0.022536,0.024505,0.0080817
257,0.0023363,0.093568,0.0038485,0.022536,0.024505,0.0080817
258,0.0023363,0.093568,0.0038485,0.022536,0.024505,0.0080817
259,0.0023363,0.093568,0.0038485,0.022536,0.024505,0.0080817
260,0.0023363,0.093568,0.0038485,0.022536,0.024505,0.0080817
261,0.0023363,0.093568,0.0038485,0.022536,0.024505,0.0080817
262,0.0023363,0.093568,0.0038485,0.022536,0.024505,0.0080817
263,0.0023363,0.093568,0.0038485,0.022536,0.024505,0.0080817
264,0.0023363,0.093568,0.0038485,0.022536,0.024505,0.0080817
265,0.0023363,0.093568,0.0038485,0.022536,0.024505,0.0080817
266,0.0023363,0.093568,0.0038485,0.022536,0.024505,0.0080817
267,0.0023363,0.093568,0.0038485,0.022536,0.024505,0.0080817
268,0.0023363,0.093568,0.0038485,0.022536,0.024505,0.0080817
269,0.0023363,0.093568,0.0038485,0.022536,0.024505,0.0080817
270,0.0023363,0.093568,0.0038485,0.022536,0.024505,0.0080817
271,0.0023363,0.093568,0.0038485,0.022536,0.024505,0.0080817
272,0.0023363,0.093568,0.0038485,0.022536,0.024505,0.0080817
273,0.0023363,0.093568,0.0038485,0.022536,0.024505,0.0080817
274,0.0023363,0.093568,0.0038485,0.022536,0.024505,0.0080817
275,0.0023363,0.093568,0.0038485,0.022536,0.024505,0.0080817
276,0.0023363,0.093568,0.0038485,0.022536,0.024505,0.0080817
277,0.0023363,0.093568,0.0038485,0.022536,0.024505,0.0080817
278,0.0023363,0.093568,0.0038485,0.022536,0.024505,0.0080817
279,0.0023363,0.093568,0.0038485,0.022536,0.024505,0.0080817
280,0.0023363,0.093568,0.0038485,0.022536,0.024505,0.0080817
281,0.0023363,0.093568,0.0038485,0.022536,0.024505,0.0080817
282,0.0023363,0.093568,0.0038485,0.022536,0.024505,0.0080817
283,0.0023363,0.093568,0.0038485,0.022536,0.024505,0.0080817
284,0.0023363,0.093568,0.0038485,0.022536,0.024505,0.0080817
285,0.0023363,0.093568,0.0038485,0.022536,0.024505,0.0080817
286,0.0023363,0.093568,0.0038485,0.022536,0.024505,0.0080817
287,0.0023363,0.093568,0.0038485,0.022536,0.024505,0.0080817
288,0.0023363,0.093568,0.0038485,0.022536,0.024505,0.0080817
289,0.0023363,0.093568,0.0038485,0.022536,0.024505,0.0080817
290,0.0023363,0.093568,0.0038485,0.022536,0.024505,0.0080817
291,0.0023363,0.093568,0.0038485,0.022536,0.024505,0.0080817
292,0.0023363,0.093568,0.0038485,0.022536,0.0033092,0.0080817
293,0.0023363,0.093568,0.0038485,0.022536,0.0033092,0.0080817
294,0.0023363,0.093568,0.0038485,0.022536,0.0033092,0.0080817
295,0.0023363,0.093568,0.0038485,0.022536,0.0033092,0.0080817
296,0.0023363,0.093568,0.0038485,0.022536,0.0033092,0.0080817
297,0.0023363,0.093568,0.0038485,0.022536,0.0033092,0.0080817
298,0.0023363,0.093568,0.0038485,0.022536,0.0033092,0.0080817
299,0.0023363,0.093568,0.0038485,0.022536,0.0033092,0.0080817
300,0.0023363,0.093568,0.0038485,0.022536,0.0033092,0.0080817
301,0.0023363,0.093568,0.0038485,0.022536,0.0033092,0.0080817
302,0.0023363,0.093568,0.0038485,0.022536,0.0033092,0.0080817
303,0.0023363,0.093568,0.0038485,0.022536,0.0033092,0.0080817
304,0.0023363,0.093568,0.0038485,0.022536,0.0033092,0.0080817
305,0.0023363,0.093568,0.0038485,0.022536,0.0033092,0.0080817
306,0.0023363,0.093568,0.0038485,0.022536,0.0033092,0.0080817
307,0.0023363,0.093568,0.0038485,0.022536,0.0033092,0.0080817
308,0.0023363,0.093568,0.0038485,0.022536,0.0033092,0.0080817
309,0.0023363,0.093568,0.0038485,0.022536,0.0033092,0.0080817
310,0.0023363,0.093568,0.0038485,0.022536,0.0033092,0.0080817
311,0.0023363,0.093568,0.0038485,0.022536,0.0033092,0.0080817
312,0.0023363,0.093568,0.0038485,0.022536,0.0033092,0.0080817
313,0.0023363,0.093568,0.0038485,0.022536,0.0033092,0.0080817
314,0.0023363,0.093568,0.0038485,0.022536,0.0033092,0.0080817
315,0.0023363,0.093568,0.0038485,0.022536,0.0033092,0.0080817
316,0.0023363,0.093568,0.0038485,0.022536,0.0033092,0.0080817
317,0.0023363,0.093568,0.0038485,0.022536,0.0033092,0.0080817
318,0.0023363,0.093568,0.0038485,0.022536,0.0033092,0.0080817
319,0.0023363,0.093568,0.0038485,0.022536,0.0033092,0.0080817
320,0.0023363,0.093568,0.0038485,0.022536,0.0033092,0.0080817
321,0.0023363,0.093568,0.0038485,0.022536,0.0033092,0.0080817
322,0.0023363,0.093568,0.0038485,0.022536,0.0033092,0.0080817
323,0.0023363,0.093568,0.0038485,0.022536,0.0033092,0.0080817
324,0.0023363,0.093568,0.0038485,0.022536,0.0033092,0.0080817
325,0.0023363,0.093568,0.0038485,0.022536,0.0033092,0.0080817
326,0.0023363,0.093568,0.0038485,0.022536,0.0033092,0.0080817
327,0.0023363,0.093568,0.0038485,0.022536,0.0033092,0.0080817
328,0.0023363,0.093568,0.0038485,0.022536,0.0033092,0.0080817
329,0.0023363,0.093568,0.0038485,0.022536,0.0033092,0.0080817
330,0.0023363,0.093568,0.0038485,0.022536,0.0033092,0.0080817
331,0.0023363,0.093568,0.0038485,0.022536,0.0033092,0.0080817
332,0.0023363,0.093568,0.0038485,0.022536,0.0033092,0.0080817
333,0.0023363,0.093568,0.0038485,0.022536,0.0033092,0.0080817
334,0.0023363,0.093568,0.0038485,0.022536,0.0033092,0.0080817
335,0.0023363,0.093568,0.0038485,0.022536,0.0033092,0.0080817
336,0.0023363,0.093568,0.0038485,0.022536,0.0033092,0.0080817
337,0.0023363,0.093568,0.0038485,0.022536,0.0033092,0.0080817
338,0.0023363,0.093568,0.0038485,0.022536,0.0033092,0.0080817
339,0.0023363,0.093568,0.0038485,0.022536,0.0033092,0.0080817
340,0.0023363,0.093568,0.0038485,0.022536,0.0033092,0.0080817
341,0.0023363,0.093568,0.0038485,0.022536,0.0033092,0.0080817
342,0.0023363,0.093568,0.0038485,0.022536,0.0033092,0.0080817
343,0.0023363,0.093568,0.0038485,0.022536,0.0033092,0.0080817
344,0.0023363,0.093568,0.0038485,0.022536,0.0033092,0.0080817
345,0.0023363,0.093568,0.0038485,0.022536,0.0033092,0.0080817
346,0.0023363,0.093568,0.0038485,0.022536,0.0033092,0.0080817
347,0.0023363,0.093568,0.0038485,0.022536,0.0033092,0.0080817
348,0.0023363,0.093568,0.0038485,0.022536,0.0033092,0.0080817
349,0.0023363,0.093568,0.0038485,0.022536,0.0033092,0.0080817
350,0.0023363,0.093568,0.0038485,0.022536,0.0033092,0.0080817
351,0.0023363,0.093568,0.0038485,0.022536,0.0033092,0.0080817
352,0.0023363,0.093568,0.0038485,0.022536,0.0033092,0.0080817
353,0.0023363,0.093568,0.0038485,0.022536,0.0033092,0.0080817
354,0.0023363,0.093568,0.0038485,0.022536,0.0033092,0.0080817
355,0.0023363,0.093568,0.0038485,0.022536,0.0033092,0.0080817
356,0.0023363,0.093568,0.0038485,0.022536,0.0033092,0.0080817
357,0.0023363,0.093568,0.0038485,0.022536,0.0033092,0.0080817
358,0.0023363,0.093568,0.0038485,0.022536,0.0033092,0.0080817
359,0.0023363,0.093568,0.0038485,0.022536,0.0033092,0.0080817
360,0.0023363,0.093568,0.0038485,0.022536,0.0033092,0.0080817
361,0.0023363,0.093568,0.0038485,0.022536,0.0033092,0.0080817
362,0.0023363,0.093568,0.0038485,0.022536,0.0033092,0.0080817
363,0.0023363,0.093568,0.0038485,0.022536,0.0033092,0.0080817
364,0.0023363,0.093568,0.0038485,0.022536,0.0033092,0.0080817
365,0.0023363,0.093568,0.0038485,0.022536,0.0033092,0.0080817
366,0.0023363,0.093568,0.0038485,0.022536,0.0033092,0.0080817
367,0.0023363,0.093568,0.0038485,0.022536,0.0033092,0.0080817
368,0.0023363,0.093568,0.0038485,0.022536,0.0033092,0.0080817
369,0.0023363,0.093568,0.0038485,0.022536,0.0033092,0.0080817
370,0.0023363,0.093568,0.0038485,0.022536,0.0033092,0.0080817
371,0.0023363,0.093568,0.0038485,0.022536,0.0033092,0.0080817
372,0.0023363,0.093568,0.0038485,0.022536,0.0033092,0.0080817
373,0.0023363,0.093568,0.0038485,0.022536,0.0033092,0.0080817
374,0.0023363,0.093568,0.0038485,0.022536,0.0033092,0.0080817
375,0.0023363,0.093568,0.0038485,0.022536,0.0033092,0.0080817
376,0.0023363,0.093568,0.0038485,0.022536,0.0033092,0.0080817
377,0.0023363,0.093568,0.0038485,0.022536,0.0033092,0.0080817
378,0.0023363,0.093568,0.0038485,0.022536,0.0033092,0.0080817
379,0.0023363,0.093568,0.0038485,0.022536,0.0033092,0.0080817
380,0.0023363,0.093568,0.0038485,0.022536,0.0033092,0.0080817
381,0.0023363,0.093568,0.0038485,0.022536,0.0033092,0.0080817
382,0.0023363,0.093568,0.0038485,0.022536,0.0033092,0.0080817
383,0.0023363,0.093568,0.0038485,0.022536,0.0033092,0.0080817
384,0.0023363,0.093568,0.0038485,0.022536,0.0033092,0.0080817
385,0.0023363,0.093568,0.0038485,0.022536,0.0033092,0.0080817
386,0.0023363,0.093568,0.0038485,0.022536,0.0033092,0.0080817
387,0.0023363,0.093568,0.0038485,0.022536,0.0033092,0.0080817
388,0.0023363,0.093568,0.0038485,0.022536,0.0033092,0.0080817
389,0.0023363,0.093568,0.0038485,0.022536,0.0033092,0.0080817
390,0.0023363,0.093568,0.0038485,0.022536,0.0033092,0.0080817
391,0.0023363,0.093568,0.0038485,0.022536,0.0033092,0.0080817
392,0.0023363,0.093568,0.0038485,0.022536,0.0033092,0.0080817
393,0.0023363,0.093568,0.0038485,0.022536,0.0033092,0.0080817
394,0.0023363,0.093568,0.0038485,0.022536,0.0033092,0.0080817
395,0.0023363,0.093568,0.0038485,0.022536,0.0033092,0.0080817
396,0.0023363,0.093568,0.0038485,0.022536,0.0033092,0.0080817
397,0.0023363,0.093568,0.0038485,0.022536,0.0033092,0.0080817
398,0.0023363,0.093568,0.0038485,0.022536,0.0033092,0.0080817
399,0.0023363,0.093568,0.0038485,0.022536,0.0033092,0.0080817
400,0.0023363,0.093568,0.0038485,0.022536,0.0033092,0.0080817
401,0.0023363,0.093568,0.0038485,0.022536,0.0033092,0.0080817
402,0.0023363,0.093568,0.0038485,0.022536,0.0033092,0.0080817
403,0.0023363,0.093568,0.0038485,0.022536,0.0033092,0.0080817
404,0.0023363,0.093568,0.0038485,0.022536,0.0033092,0.0080817
405,0.0023363,0.093568,0.0038485,0.022536,0.0033092,0.0080817
406,0.0023363,0.093568,0.0038485,0.022536,0.0033092,0.0080817
407,0.0023363,0.093568,0.0038485,0.022536,0.0033092,0.0080817
408,0.0023363,0.093568,0.0038485,0.022536,0.0033092,0.0080817
409,0.0023363,0.093568,0.0038485,0.022536,0.0033092,0.0080817
410,0.0023363,0.093568,0.0038485,0.022536,0.0033092,0.0080817
411,0.0023363,0.093568,0.0038485,0.022536,0.0033092,0.0080817
412,0.0023363,0.093568,0.0038485,0.022536,0.0033092,0.0080817
413,0.0023363,0.093568,0.0038485,0.022536,0.0033092,0.0080817
414,0.0023363,0.093568,0.0038485,0.022536,0.0033092,0.0080817
415,0.0023363,0.093568,0.0038485,0.022536,0.0032812,0.0080817
416,0.0023363,0.093568,0.0038485,0.022536,0.0032812,0.0080817
417,0.0023363,0.093568,0.0038485,0.022536,0.0032812,0.0080817
418,0.0023363,0.093568,0.0038485,0.022536,0.0032812,0.0080817
419,0.0023363,0.093568,0.0038485,0.022536,0.0032812,0.0080817
420,0.0023363,0.093568,0.0038485,0.022536,0.0032812,0.0080817
421,0.0023363,0.093568,0.0038485,0.022536,0.0032812,0.0080817
422,0.0023363,0.093568,0.0038485,0.022536,0.0032812,0.0080817
423,0.0023363,0.093568,0.0038485,0.022536,0.0032812,0.0080817
424,0.0023363,0.093568,0.0038485,0.022536,0.0032812,0.0080817
425,0.0023363,0.093568,0.0038485,0.022536,0.0032812,0.0080817
426,0.0023363,0.093568,0.0038485,0.022536,0.0032812,0.0080817
427,0.0023363,0.093568,0.0038485,0.022536,0.0032812,0.0080817
428,0.0023363,0.093568,0.0038485,0.022536,0.0032812,0.0080817
429,0.0023363,0.093568,0.0038485,0.022536,0.0032812,0.0080817
430,0.0023363,0.093568,0.0038485,0.022536,0.0032812,0.0080817
431,0.0023363,0.093568,0.0038485,0.022536,0.0032812,0.0080817
432,0.0023363,0.093568,0.0038485,0.022536,0.0032812,0.0080817
433,0.0023363,0.093568,0.0038485,0.022536,0.0032812,0.0080817
434,0.0023363,0.093568,0.0038485,0.022536,0.0032812,0.0080817
435,0.0023363,0.093568,0.0038485,0.022536,0.0032812,0.0080817
436,0.0023363,0.093568,0.0038485,0.022536,0.0032812,0.0080817
437,0.0023363,0.093568,0.0038485,0.022536,0.0032812,0.0080817
438,0.0023363,0.093568,0.0038485,0.022536,0.0032812,0.0080817
439,0.0023363,0.093568,0.0038485,0.022536,0.0032812,0.0080817
440,0.0023363,0.093568,0.0038485,0.022536,0.0032812,0.0080817
441,0.0023363,0.093568,0.0038485,0.022536,0.0032812,0.0080817
442,0.0023363,0.093568,0.0038485,0.022536,0.0032812,0.0080817
443,0.0023363,0.093568,0.0038485,0.022536,0.0032812,0.0080817
444,0.0023363,0.093568,0.0038485,0.022536,0.0032812,0.0080817
445,0.0023363,0.093568,0.0038485,0.022536,0.0032812,0.0080817
446,0.0023363,0.093568,0.0038485,0.022536,0.0032812,0.0080817
447,0.0023363,0.093568,0.0038485,0.022536,0.0032812,0.0080817
448,0.0023363,0.093568,0.0038485,0.022536,0.0032812,0.0080817
449,0.0023363,0.093568,0.0038485,0.022536,0.0032812,0.0080817
450,0.0023363,0.093568,0.0038485,0.022536,0.0032812,0.0080817
451,0.0023363,0.093568,0.0038485,0.022536,0.0032812,0.0080817
452,0.0023363,0.093568,0.0038485,0.022536,0.0032812,0.0080817
453,0.0023363,0.093568,0.0038485,0.022536,0.0032812,0.0080817
454,0.0023363,0.093568,0.0038485,0.022536,0.0032812,0.0080817
455,0.0023363,0.093568,0.0038485,0.022536,0.0032812,0.0080817
456,0.0023363,0.093568,0.0038485,0.022536,0.0032812,0.0080817
457,0.0023363,0.093568,0.0038485,0.022536,0.0032812,0.0080817
458,0.0023363,0.093568,0.0038485,0.022536,0.0032812,0.0080817
459,0.0023363,0.093568,0.0038485,0.022536,0.0032812,0.0080817
460,0.0023363,0.093568,0.0038485,0.022536,0.0032812,0.0080817
461,0.0023363,0.093568,0.0038485,0.022536,0.0032812,0.0080817
462,0.0023363,0.093568,0.0038485,0.022536,0.0032812,0.0080817
463,0.0023363,0.093568,0.0038485,0.022536,0.0032812,0.0080817
464,0.0023363,0.093568,0.0038485,0.022536,0.0032812,0.0080817
465,0.0023363,0.093568,0.0038485,0.022536,0.0032812,0.0080817
466,0.0023363,0.093568,0.0038485,0.022536,0.0032812,0.0080817
467,0.0023363,0.093568,0.0038485,0.022536,0.0032812,0.0080817
468,0.0023363,0.093568,0.0038485,0.022536,0.0032812,0.0080817
469,0.0023363,0.093568,0.0038485,0.022536,0.0032812,0.0080817
470,0.0023363,0.093568,0.0038485,0.022536,0.0032812,0.0080817
471,0.0023363,0.093568,0.0038485,0.022536,0.0032812,0.0080817
472,0.0023363,0.093568,0.0038485,0.022536,0.0032812,0.0080817
473,0.0023363,0.093568,0.0038485,0.022536,0.0032812,0.0080817
474,0.0023363,0.093568,0.0038485,0.022536,0.0032812,0.0080817
475,0.0023363,0.093568,0.0038485,0.022536,0.0032812,0.0080817
476,0.0023363,0.093568,0.0038485,0.022536,0.0032812,0.0080817
477,0.0023363,0.093568,0.0038485,0.022536,0.0032812,0.0080817
478,0.0023363,0.093568,0.0038485,0.022536,0.0032812,0.0080817
479,0.0023363,0.093568,0.0038485,0.022536,0.0032812,0.0080817
480,0.0023363,0.093568,0.0038485,0.022536,0.0032812,0.0080817
481,0.0023363,0.093568,0.0038485,0.022536,0.0032812,0.0080817
482,0.0023363,0.093568,0.0038485,0.022536,0.0032812,0.0080817
483,0.0023363,0.093568,0.0038485,0.022536,0.0032812,0.0080817
484,0.0023363,0.093568,0.0038485,0.022536,0.0032812,0.0080817
485,0.0023363,0.093568,0.0038485,0.022536,0.0032812,0.0080817
486,0.0023363,0.093568,0.0038485,0.022536,0.0032812,0.0080817
487,0.0023363,0.093568,0.0038485,0.022536,0.0032812,0.0080817
488,0.0023363,0.093568,0.0038485,0.022536,0.0032812,0.0080817
489,0.0023363,0.093568,0.0038485,0.022536,0.0032812,0.0080817
490,0.0023363,0.093568,0.0038485,0.022536,0.0032812,0.0080817
491,0.0023363,0.093568,0.0038485,0.022536,0.0032812,0.0080817
492,0.0023363,0.093568,0.0038485,0.022536,0.0032812,0.0080817
493,0.0023363,0.093568,0.0038485,0.022536,0.0032812,0.0080817
494,0.0023363,0.093568,0.0038485,0.022536,0.0032812,0.0080817
495,0.0023363,0.093568,0.0038485,0.022536,0.0032812,0.0080817
496,0.0023363,0.093568,0.0038485,0.022536,0.0032812,0.0080817
497,0.0023363,0.093568,0.0038485,0.022536,0.0032812,0.0080817
498,0.0023363,0.093568,0.0038485,0.022536,0.0032812,0.0080817
499,0.0023363,0.093568,0.0038485,0.022536,0.0032812,0.0080817
500,0.0023363,0.093568,0.0038485,0.022536,0.0032812,0.0080817
501,0.0023363,0.093568,0.0038485,0.022536,0.0032812,0
502,0.0023363,0.093568,0.0038485,0.022536,0.0032812,0
503,0.0023363,0.093568,0.0038485,0.022536,0.0032812,0
504,0.0023363,0.093568,0.0038485,0.022536,0.0032812,0
505,0.0023363,0.093568,0.0038485,0.022536,0.0032812,0
506,0.0023363,0.093568,0.0038485,0.022536,0.0032812,0
507,0.0023363,0.093568,0.0038485,0.022536,0.0032812,0
508,0.0023363,0.093568,0.0038485,0.022536,0.0032812,0
509,0.0023363,0.093568,0.0038485,0.022536,0.0032812,0
510,0.0023363,0.093568,0.0038485,0.022536,0.0032812,0
511,0.0023363,0.093568,0.0038485,0.022536,0.0032812,0
512,0.0023363,0.093568,0.0038485,0.022536,0.0032812,0
513,0.0023363,0.093568,0.0038485,0.022536,0.0032812,0
514,0.0023363,0.093568,0.0038485,0.022536,0.0032812,0
515,0.0023363,0.093568,0.0038485,0.022536,0.0032812,0
516,0.0023363,0.093568,0.0038485,0.022536,0.0032812,0
517,0.0023363,0.093568,0.0038485,0.022536,0.0032812,0
518,0.0023363,0.093568,0.0038485,0.022536,0.0032812,0
519,0.0023363,0.093568,0.0038485,0.022536,0.0032812,0
520,0.0023363,0.093568,0.0038485,0.022536,0.0032812,0
521,0.0023363,0.093568,0.0038485,0.022536,0.0032812,0
522,0.0023363,0.093568,0.0038485,0.022536,0.0032812,0
523,0.0023363,0.093568,0.0038485,0.022536,0.0032812,0
524,0.0023363,0.093568,0.0038485,0.022536,0.0032812,0
525,0.0023363,0.093568,0.0038485,0.022536,0.0032812,0
526,0.0023363,0.093568,0.0038485,0.022536,0.0032812,0
527,0.0023363,0.093568,0.0038485,0.022536,0.0032812,0
528,0.0023363,0.093568,0.0038485,0.022536,0.0032812,0
529,0.0023363,0.093568,0.0038485,0.022536,0.0032812,0
530,0.0023363,0.093568,0.0038485,0.022536,0.0032812,0
531,0.0023363,0.093568,0.0038485,0.022536,0.0032812,0
532,0.0023363,0.093568,0.0038485,0.022536,0.0032812,0
533,0.0023363,0.093568,0.0038485,0.022536,0.0032812,0
534,0.0023363,0.093568,0.0038485,0.022536,0.0032812,0
535,0.0023363,0.093568,0.0038485,0.022536,0.0032812,0
536,0.0023363,0.093568,0.0038485,0.022536,0.0032812,0
537,0.0023363,0.093568,0.0038485,0.022536,0.0032812,0
538,0.0023363,0.093568,0.0038485,0.022536,0.0032812,0
539,0.0023363,0.093568,0.0038485,0.022536,0.0032812,0
540,0.0023363,0.093568,0.0038485,0.022536,0.0032812,0
541,0.0023363,0.093568,0.0038485,0.022536,0.0012716,0
542,0.0023363,0.093568,0.0038485,0.022536,0.0012716,0
543,0.0023363,0.093568,0.0038485,0.022536,0.0012716,0
544,0.0023363,0.093568,0.0038485,0.022536,0.0012716,0
545,0.0023363,0.093568,0.0038485,0.022536,0.0012716,0
546,0.0023363,0.093568,0.0038485,0.022536,0.0012716,0
547,0.0023363,0.093568,0.0038485,0.022536,0.0012716,0
548,0.0023363,0.093568,0.0038485,0.022536,0.0012716,0
549,0.0023363,0.093568,0.0038485,0.022536,0.0012716,0
550,0.0023363,0.093568,0.0038485,0.022536,0.0012716,0
551,0.0023363,0.093568,0.0038485,0.022536,0.0012716,0
552,0.0023363,0.093568,0.0038485,0.022536,0.0012716,0
553,0.0023363,0.093568,0.0038485,0.022536,0.0012716,0
554,0.0023363,0.093568,0.0038485,0.022536,0.0012716,0
555,0.0023363,0.093568,0.0038485,0.022536,0.0012716,0
556,0.0023363,0.093568,0.0038485,0.022536,0.0012716,0
557,0.0023363,0.093568,0.0038485,0.022536,0.0012716,0
558,0.0023363,0.093568,0.0038485,0.022536,0.0012716,0
559,0.0023363,0.093568,0.0038485,0.022536,0.0012716,0
560,0.0023363,0.093568,0.0038485,0.022536,0.0012716,0
561,0.0023363,0.093568,0.0038485,0.022536,0.0012716,0
562,0.0023363,0.093568,0.0038485,0.022536,0.0012716,0
563,0.0023363,0.093568,0.0038485,0.022536,0.0012716,0
564,0.0023363,0.093568,0.0038485,0.022536,0.0012716,0
565,0.0023363,0.093568,0.0038485,0.022536,0.0012716,0
566,0.0023363,0.093568,0.0038485,0.022536,0.0012716,0
567,0.0023363,0.093568,0.0038485,0.022536,0.0012716,0
568,0.0023363,0.093568,0.0038485,0.022536,0.0012716,0
569,0.0023363,0.093568,0.0038485,0.022536,0.0012716,0
570,0.0023363,0.093568,0.0038485,0.022536,0.0012716,0
571,0.0023363,0.093568,0.0038485,0.022536,0.0012716,0
572,0.0023363,0.093568,0.0038485,0.022536,0.0012716,0
573,0.0023363,0.093568,0.0038485,0.022536,0.0012716,0
574,0.0023363,0.093568,0.0038485,0.022536,0.0012716,0
575,0.0023363,0.093568,0.0038485,0.022536,0.0012716,0
576,0.0023363,0.093568,0.0038485,0.022536,0.0012716,0
577,0.0023363,0.093568,0.0038485,0.022536,0.0012716,0
578,0.0023363,0.093568,0.0038485,0.022536,0.0012716,0
579,0.0023363,0.093568,0.0038485,0.022536,0.0012716,0
580,0.0023363,0.093568,0.0038485,0.022536,0.0012716,0
581,0.0023363,0.093568,0.0038485,0.022536,0.0012716,0
582,0.0023363,0.093568,0.0038485,0.022536,0.0012716,0
583,0.0023363,0.093568,0.0038485,0.022536,0.0012716,0
584,0.0023363,0.093568,0.0038485,0.022536,0.0012716,0
585,0.0023363,0.093568,0.0038485,0.022536,0.0012716,0
586,0.0023363,0.093568,0.0038485,0.022536,0.0012716,0
587,0.0023363,0.093568,0.0038485,0.022536,0.0012716,0
588,0.0023363,0.093568,0.0038485,0.022536,0.0012716,0
589,0.0023363,0.093568,0.0038485,0.022536,0.0012716,0
590,0.0023363,0.093568,0.0038485,0.022536,0.0012716,0
591,0.0023363,0.093568,0.0038485,0.022536,0.0012716,0
592,0.0023363,0.093568,0.0038485,0.022536,0.0012716,0
593,0.0023363,0.093568,0.0038485,0.022536,0.0012716,0
594,0.0023363,0.093568,0.0038485,0.022536,0.0012716,0
595,0.0023363,0.093568,0.0038485,0.022536,0.0012716,0
596,0.0023363,0.093568,0.0038485,0.022536,0.0012716,0
597,0.0023363,0.093568,0.0038485,0.022536,0.0012716,0
598,0.0023363,0.093568,0.0038485,0.022536,0.0012716,0
599,0.0023363,0.093568,0.0038485,0.022536,0.0012716,0
600,0.0023363,0.093568,0.0038485,0.022536,0.0012716,0
601,0.0023363,0.093568,0.0038485,0.022536,0,0
602,0.0023363,0.093568,0.0038485,0.022536,0,0
603,0.0023363,0.093568,0.0038485,0.022536,0,0
604,0.0023363,0.093568,0.0038485,0.022536,0,0
605,0.0023363,0.093568,0.0038485,0.022536,0,0
606,0.0023363,0.093568,0.0038485,0.022536,0,0
607,0.0023363,0.093568,0.0038485,0.022536,0,0
608,0.0023363,0.093568,0.0038485,0.022536,0,0
609,0.0023363,0.093568,0.0038485,0.022536,0,0
610,0.0023363,0.093568,0.0038485,0.022536,0,0
611,0.0023363,0.093568,0.0038485,0.022536,0,0
612,0.0023363,0.093568,0.0038485,0.022536,0,0
613,0.0023363,0.093568,0.0038485,0.022536,0,0
614,0.0023363,0.093568,0.0038485,0.022536,0,0
615,0.0023363,0.093568,0.0038485,0.022536,0,0
616,0.0023363,0.093568,0.0038485,0.022536,0,0
617,0.0023363,0.093568,0.0038485,0.022536,0,0
618,0.0023363,0.093568,0.0038485,0.022536,0,0
619,0.0023363,0.093568,0.0038485,0.022536,0,0
620,0.0023363,0.093568,0.0038485,0.022536,0,0
621,0.0023363,0.093568,0.0038485,0.022536,0,0
622,0.0023363,0.093568,0.0038485,0.022536,0,0
623,0.0023363,0.093568,0.0038485,0.022536,0,0
624,0.0023363,0.093568,0.0038485,0.022536,0,0
625,0.0023363,0.093568,0.0038485,0.022536,0,0
626,0.0023363,0.093568,0.0038485,0.022536,0,0
627,0.0023363,0.093568,0.0038485,0.022536,0,0
628,0.0023363,0.093568,0.0038485,0.022536,0,0
629,0.0023363,0.093568,0.0038485,0.022536,0,0
630,0.0023363,0.093568,0.0038485,0.022536,0,0
631,0.0023363,0.093568,0.0038485,0.022536,0,0
632,0.0023363,0.093568,0.0038485,0.022536,0,0
633,0.0023363,0.093568,0.0038485,0.022536,0,0
634,0.0023363,0.093568,0.0038485,0.022536,0,0
635,0.0023363,0.093568,0.0038485,0.022536,0,0
636,0.0023363,0.093568,0.0038485,0.022536,0,0
637,0.0023363,0.093568,0.0038485,0.022536,0,0
638,0.0023363,0.093568,0.0038485,0.022536,0,0
639,0.0023363,0.093568,0.0038485,0.022536,0,0
640,0.0023363,0.093568,0.0038485,0.022536,0,0
641,0.0023363,0.093568,0.0038485,0.022536,0,0
642,0.0023363,0.093568,0.0038485,0.022536,0,0
643,0.0023363,0.093568,0.0038485,0.022536,0,0
644,0.0023363,0.093568,0.0038485,0.022536,0,0
645,0.0023363,0.093568,0.0038485,0.022536,0,0
646,0.0023363,0.093568,0.0038485,0.022536,0,0
647,0.0023363,0.093568,0.0038485,0.022536,0,0
648,0.0023363,0.093568,0.0038485,0.022536,0,0
649,0.0023363,0.093568,0.0038485,0.022536,0,0
650,0.0023363,0.093568,0.0038485,0.022536,0,0
651,0.0023363,0.093568,0.0038485,0.022536,0,0
652,0.0023363,0.093568,0.0038485,0.022536,0,0
653,0.0023363,0.093568,0.0038485,0.022536,0,0
654,0.0023363,0.093568,0.0038485,0.022536,0,0
655,0.0023363,0.093568,0.0038485,0.022536,0,0
656,0.0023363,0.093568,0.0038485,0.022536,0,0
657,0.0023363,0.093568,0.0038485,0.022536,0,0
658,0.0023363,0.093568,0.0038485,0.022536,0,0
659,0.0023363,0.093568,0.0038485,0.022536,0,0
660,0.0023363,0.093568,0.0038485,0.022536,0,0
661,0.0023363,0.093568,0.0038485,0.022536,0,0
662,0.0023363,0.093568,0.0038485,0.022536,0,0
663,0.0023363,0.093568,0.0038485,0.022536,0,0
664,0.0023363,0.093568,0.0038485,0.022536,0,0
665,0.0023363,0.093568,0.0038485,0.022536,0,0
666,0.0023363,0.093568,0.0038485,0.022536,0,0
667,0.0023363,0.093568,0.0038485,0.022536,0,0
668,0.0023363,0.093568,0.0038485,0.022536,0,0
669,0.0023363,0.093568,0.0038485,0.022536,0,0
670,0.0023363,0.093568,0.0038485,0.022536,0,0
671,0.0023363,0.093568,0.0038485,0.022536,0,0
672,0.0023363,0.093568,0.0038485,0.022536,0,0
673,0.0023363,0.093568,0.0038485,0.022536,0,0
674,0.0023363,0.093568,0.0038485,0.022536,0,0
675,0.0023363,0.093568,0.0038485,0.022536,0,0
676,0.0023363,0.093568,0.0038485,0.022536,0,0
677,0.0023363,0.093568,0.0038485,0.022536,0,0
678,0.0023363,0.093568,0.0038485,0.022536,0,0
679,0.0023363,0.093568,0.0038485,0.022536,0,0
680,0.0023363,0.093568,0.0038485,0.022536,0,0
681,0.0023363,0.093568,0.0038485,0.022536,0,0
682,0.0023363,0.093568,0.0038485,0.022536,0,0
683,0.0023363,0.093568,0.0038485,0.022536,0,0
684,0.0023363,0.093568,0.0038485,0.022536,0,0
685,0.0023363,0.093568,0.0038485,0.022536,0,0
686,0.0023363,0.093568,0.0038485,0.022536,0,0
687,0.0023363,0.093568,0.0038485,0.022536,0,0
688,0.0023363,0.093568,0.0038485,0.022536,0,0
689,0.0023363,0.093568,0.0038485,0.022536,0,0
690,0.0023363,0.093568,0.0038485,0.022536,0,0
691,0.0023363,0.093568,0.0038485,0.022536,0,0
692,0.0023363,0.093568,0.0038485,0.022536,0,0
693,0.0023363,0.093568,0.0038485,0.022536,0,0
694,0.0023363,0.093568,0.0038485,0.022536,0,0
695,0.0023363,0.093568,0.0038485,0.022536,0,0
696,0.0023363,0.093568,0.0038485,0.022536,0,0
697,0.0023363,0.093568,0.0038485,0.022536,0,0
698,0.0023363,0.093568,0.0038485,0.022536,0,0
699,0.0023363,0.093568,0.0038485,0.022536,0,0
700,0.0023363,0.093568,0.0038485,0.022536,0,0
701,0.0023363,0.093568,0.0038485,0,0,0
702,0.0023363,0.093568,0.0038485,0,0,0
703,0.0023363,0.093568,0.0038485,0,0,0
704,0.0023363,0.093568,0.0038485,0,0,0
705,0.0023363,0.093568,0.0038485,0,0,0
706,0.0023363,0.093568,0.0038485,0,0,0
707,0.0023363,0.093568,0.0038485,0,0,0
708,0.0023363,0.093568,0.0038485,0,0,0
709,0.0023363,0.093568,0.0038485,0,0,0
710,0.0023363,0.093568,0.0038485,0,0,0
711,0.0023363,0.093568,0.0038485,0,0,0
712,0.0023363,0.093568,0.0038485,0,0,0
713,0.0023363,0.093568,0.0038485,0,0,0
714,0.0023363,0.093568,0.0038485,0,0,0
715,0.0023363,0.093568,0.0038485,0,0,0
716,0.0023363,0.093568,0.0038485,0,0,0
717,0.0023363,0.093568,0.0038485,0,0,0
718,0.0023363,0.093568,0.0038485,0,0,0
719,0.0023363,0.093568,0.0038485,0,0,0
720,0.0023363,0.093568,0.0038485,0,0,0
721,0.0023363,0.093568,0.0038485,0,0,0
722,0.0023363,0.093568,0.0038485,0,0,0
723,0.0023363,0.093568,0.0038485,0,0,0
724,0.0023363,0.093568,0.0038485,0,0,0
725,0.0023363,0.093568,0.0038485,0,0,0
726,0.0023363,0.093568,0.0038485,0,0,0
727,0.0023363,0.093568,0.0038485,0,0,0
728,0.0023363,0.093568,0.0038485,0,0,0
729,0.0023363,0.093568,0.0038485,0,0,0
730,0.0023363,0.093568,0.0038485,0,0,0
731,0.0023363,0.093568,0.0038485,0,0,0
732,0.0023363,0.093568,0.0038485,0,0,0
733,0.0023363,0.093568,0.0038485,0,0,0
734,0.0023363,0.093568,0.0038485,0,0,0
735,0.0023363,0.093568,0.0038485,0,0,0
736,0.0023363,0.093568,0.0038485,0,0,0
737,0.0023363,0.093568,0.0038485,0,0,0
738,0.0023363,0.093568,0.0038485,0,0,0
739,0.0023363,0.093568,0.0038485,0,0,0
740,0.0023363,0.093568,0.0038485,0,0,0
741,0.0023363,0.093568,0.0038485,0,0,0
742,0.0023363,0.093568,0.0038485,0,0,0
743,0.0023363,0.093568,0.0038485,0,0,0
744,0.0023363,0.093568,0.0038485,0,0,0
745,0.0023363,0.093568,0.0038485,0,0,0
746,0.0023363,0.093568,0.0038485,0,0,0
747,0.0023363,0.093568,0.0038485,0,0,0
748,0.0023363,0.093568,0.0038485,0,0,0
749,0.0023363,0.093568,0.0038485,0,0,0
750,0.0023363,0.093568,0.0038485,0,0,0
751,0.0023363,0.093568,0.0038485,0,0,0
752,0.0023363,0.093568,0.0038485,0,0,0
753,0.0023363,0.093568,0.0038485,0,0,0
754,0.0023363,0.093568,0.0038485,0,0,0
755,0.0023363,0.093568,0.0038485,0,0,0
756,0.0023363,0.0026804,0.0038485,0,0,0
757,0.0023363,0.0026804,0.0038485,0,0,0
758,0.0023363,0.0026804,0.0038485,0,0,0
759,0.0023363,0.0026804,0.0038485,0,0,0
760,0.0023363,0.0026804,0.0038485,0,0,0
761,0.0023363,0.0026804,0.0038485,0,0,0
762,0.0023363,0.0026804,0.0038485,0,0,0
763,0.0023363,0.0026804,0.0038485,0,0,0
764,0.0023363,0.0026804,0.0038485,0,0,0
765,0.0023363,0.0026804,0.0038485,0,0,0
766,0.0023363,0.0026804,0.0038485,0,0,0
767,0.0023363,0.0026804,0.0038485,0,0,0
768,0.0023363,0.0026804,0.0038485,0,0,0
769,0.0023363,0.0026804,0.0038485,0,0,0
770,0.0023363,0.0026804,0.0038485,0,0,0
771,0.0023363,0.0026804,0.0038485,0,0,0
772,0.0023363,0.0026804,0.0038485,0,0,0
773,0.0023363,0.0026804,0.00092686,0,0,0
774,0.0023363,0.0026804,0.00092686,0,0,0
775,0.0023363,0.0026804,0.00092686,0,0,0
776,0.0023363,0.0026804,0.00092686,0,0,0
777,0.0023363,0.0026804,0.00092686,0,0,0
778,0.0023363,0.0026804,0.00092686,0,0,0
779,0.0023363,0.0026804,0.00092686,0,0,0
780,0.0023363,0.0026804,0.00092686,0,0,0
781,0.0023363,0.0026804,0.00092686,0,0,0
782,0.0023363,0.0026804,0.00092686,0,0,0
783,0.0023363,0.0026804,0.00092686,0,0,0
784,0.0023363,0.0026804,0.00092686,0,0,0
785,0.0023363,0.0026804,0.00092686,0,0,0
786,0.0023363,0.0026804,0.00092686,0,0,0
787,0.0023363,0.0026804,0.00092686,0,0,0
788,0.0023363,0.0026804,0.00092686,0,0,0
789,0.0023363,0.0026804,0.00092686,0,0,0
790,0.0023363,0.0026804,0.00092686,0,0,0
791,0.0023363,0.0026804,0.00092686,0,0,0
792,0.0023363,0.0026804,0.00092686,0,0,0
793,0.0023363,0.0026804,0.00092686,0,0,0
794,0.0023363,0.0026804,0.00092686,0,0,0
795,0.0023363,0.0026804,0.00092686,0,0,0
796,0.0023363,0.0026804,0.00092686,0,0,0
797,0.0023363,0.0026804,0.00092686,0,0,0
798,0.0023363,0.0026804,0.00092686,0,0,0
799,0.0023363,0.0026804,0.00092686,0,0,0
800,0.0023363,0.0026804,0.00092686,0,0,0
801,0.0023363,0.0026804,0,0,0,0
802,0.0023363,0.0026804,0,0,0,0
803,0.0023363,0.0026804,0,0,0,0
804,0.0023363,0.0026804,0,0,0,0
805,0.0023363,0.0026804,0,0,0,0
806,0.0023363,0.0026804,0,0,0,0
807,0.0023363,0.0026804,0,0,0,0
808,0.0023363,0.0026804,0,0,0,0
809,0.0023363,0.0026804,0,0,0,0
810,0.0023363,0.0026804,0,0,0,0
811,0.0023363,0.0026804,0,0,0,0
812,0.0023363,0.0026804,0,0,0,0
813,0.0023363,0.0026804,0,0,0,0
814,0.0023363,0.0026804,0,0,0,0
815,0.0023363,0.0026804,0,0,0,0
816,0.0023363,0.0026804,0,0,0,0
817,0.0023363,0.0026804,0,0,0,0
818,0.0023363,0.0026804,0,0,0,0
819,0.0023363,0.0026804,0,0,0,0
820,0.0023363,0.0026804,0,0,0,0
821,0.0023363,0.0026804,0,0,0,0
822,0.0023363,0.0026804,0,0,0,0
823,0.0023363,0.0026804,0,0,0,0
824,0.0023363,0.0026804,0,0,0,0
825,0.0023363,0.0026804,0,0,0,0
826,0.0023363,0.0026804,0,0,0,0
827,0.0023363,0.0026804,0,0,0,0
828,0.0023363,0.0026804,0,0,0,0
829,0.0023363,0.0026804,0,0,0,0
830,0.0023363,0.0026804,0,0,0,0
831,0.0023363,0.0026804,0,0,0,0
832,0.0023363,0.0026804,0,0,0,0
833,0.0023363,0.0026804,0,0,0,0
834,0.0023363,0.0026804,0,0,0,0
835,0.0023363,0.0026804,0,0,0,0
836,0.0023363,0.0026804,0,0,0,0
837,0.0023363,0.0026804,0,0,0,0
838,0.0023363,0.0026804,0,0,0,0
839,0.0023363,0.0026804,0,0,0,0
840,0.0023363,0.0026804,0,0,0,0
841,0.0023363,0.0026804,0,0,0,0
842,0.0023363,0.0026804,0,0,0,0
843,0.0023363,0.0026804,0,0,0,0
844,0.0023363,0.0026804,0,0,0,0
845,0.0023363,0.0026804,0,0,0,0
846,0.0023363,0.0026804,0,0,0,0
847,0.0023363,0.0026804,0,0,0,0
848,0.0023363,0.0026804,0,0,0,0
849,0.0023363,0.0026804,0,0,0,0
850,0.0023363,0.0026804,0,0,0,0
851,0.0023363,0.0026804,0,0,0,0
852,0.0023363,0.0026804,0,0,0,0
853,0.0023363,0.0026804,0,0,0,0
854,0.0023363,0.0026804,0,0,0,0
855,0.0023363,0.0026804,0,0,0,0
856,0.0023363,0.0026804,0,0,0,0
857,0.0023363,0.0026804,0,0,0,0
858,0.0023363,0.0026804,0,0,0,0
859,0.0023363,0.0026804,0,0,0,0
860,0.0023363,0.0026804,0,0,0,0
861,0.0023363,0.0026804,0,0,0,0
862,0.0023363,0.0026804,0,0,0,0
863,0.0023363,0.0026804,0,0,0,0
864,0.0023363,0.0026804,0,0,0,0
865,0.0023363,0.0026804,0,0,0,0
866,0.0023363,0.0026804,0,0,0,0
867,0.0023363,0.0026804,0,0,0,0
868,0.0023363,0.0026804,0,0,0,0
869,0.0023363,0.0026804,0,0,0,0
870,0.0023363,0.0026804,0,0,0,0
871,0.0023363,0.0014653,0,0,0,0
872,0.0023363,0.0014653,0,0,0,0
873,0.0023363,0.0014653,0,0,0,0
874,0.0023363,0.0014653,0,0,0,0
875,0.0023363,0.0014653,0,0,0,0
876,0.0023363,0.0014653,0,0,0,0
877,0.0023363,0.0014653,0,0,0,0
878,0.0023363,0.0014653,0,0,0,0
879,0.0023363,0.0014653,0,0,0,0
880,0.0023363,0.0014653,0,0,0,0
881,0.0023363,0.0014653,0,0,0,0
882,0.0023363,0.0014653,0,0,0,0
883,0.0023363,0.0014653,0,0,0,0
884,0.0023363,0.0014653,0,0,0,0
885,0.0023363,0.0014653,0,0,0,0
886,0.0023363,0.0014653,0,0,0,0
887,0.0023363,0.0014653,0,0,0,0
888,0.0023363,0.0014653,0,0,0,0
889,0.0023363,0.0014653,0,0,0,0
890,0.0023363,0.0014653,0,0,0,0
891,0.0023363,0.0014653,0,0,0,0
892,0.0023363,0.0014653,0,0,0,0
893,0.0023363,0.0014653,0,0,0,0
894,0.0023363,0.0014653,0,0,0,0
895,0.0023363,0.0014653,0,0,0,0
896,0.0023363,0.0014653,0,0,0,0
897,0.0023363,0.0014653,0,0,0,0
898,0.0023363,0.0014653,0,0,0,0
899,0.0023363,0.0014653,0,0,0,0
900,0.0023363,0.0014653,0,0,0,0
901,0.0023363,0,0,0,0,0
902,0.0023363,0,0,0,0,0
903,0.0023363,0,0,0,0,0
904,0.0023363,0,0,0,0,0
905,0.0023363,0,0,0,0,0
906,0.0023363,0,0,0,0,0
907,0.0023363,0,0,0,0,0
908,0.0023363,0,0,0,0,0
909,0.0023363,0,0,0,0,0
910,0.0023363,0,0,0,0,0
911,0.0023363,0,0,0,0,0
912,0.0023363,0,0,0,0,0
913,0.0023363,0,0,0,0,0
914,0.0023363,0,0,0,0,0
915,0.0023363,0,0,0,0,0
916,0.0023363,0,0,0,0,0
917,0.0023363,0,0,0,0,0
918,0.0023363,0,0,0,0,0
919,0.0023363,0,0,0,0,0
920,0.0023363,0,0,0,0,0
921,0.0023363,0,0,0,0,0
922,0.0023363,0,0,0,0,0
923,0.0023363,0,0,0,0,0
924,0.0023363,0,0,0,0,0
925,0.0023363,0,0,0,0,0
926,0.0023363,0,0,0,0,0
927,0.0023363,0,0,0,0,0
928,0.0023363,0,0,0,0,0
929,0.0023363,0,0,0,0,0
930,0.0023363,0,0,0,0,0
931,0.0023363,0,0,0,0,0
932,0.0023363,0,0,0,0,0
933,0.0023363,0,0,0,0,0
934,0.0023363,0,0,0,0,0
935,0.0023363,0,0,0,0,0
936,0.0023363,0,0,0,0,0
937,0.0023363,0,0,0,0,0
938,0.0023363,0,0,0,0,0
939,0.0023363,0,0,0,0,0
940,0.0023363,0,0,0,0,0
941,0.0023363,0,0,0,0,0
942,0.0023363,0,0,0,0,0
943,0.0023363,0,0,0,0,0
944,0.0023363,0,0,0,0,0
945,0.0023363,0,0,0,0,0
946,0.0023363,0,0,0,0,0
947,0.0023363,0,0,0,0,0
948,0.0023363,0,0,0,0,0
949,0.0023363,0,0,0,0,0
950,0.0023363,0,0,0,0,0
951,0.0023363,0,0,0,0,0
952,0.0023363,0,0,0,0,0
953,0.0023363,0,0,0,0,0
954,0.0023363,0,0,0,0,0
955,0.0023363,0,0,0,0,0
956,0.0023363,0,0,0,0,0
957,0.0023363,0,0,0,0,0
958,0.0023363,0,0,0,0,0
959,0.0023363,0,0,0,0,0
960,0.0023363,0,0,0,0,0
961,0.0023363,0,0,0,0,0
962,0.0023363,0,0,0,0,0
963,0.0023363,0,0,0,0,0
964,0.0023363,0,0,0,0,0
965,0.0023363,0,0,0,0,0
966,0.0023363,0,0,0,0,0
967,0.0023363,0,0,0,0,0
968,0.0023363,0,0,0,0,0
969,0.0023363,0,0,0,0,0
970,0.0023363,0,0,0,0,0
971,0.0023363,0,0,0,0,0
972,0.0023363,0,0,0,0,0
973,0.0023363,0,0,0,0,0
974,0.0023363,0,0,0,0,0
975,0.0023363,0,0,0,0,0
976,0.0023363,0,0,0,0,0
977,0.0023363,0,0,0,0,0
978,0.0023363,0,0,0,0,0
979,0.0023363,0,0,0,0,0
980,0.0023363,0,0,0,0,0
981,0.0023363,0,0,0,0,0
982,0.0023363,0,0,0,0,0
983,0.0023363,0,0,0,0,0
984,0.0023363,0,0,0,0,0
985,0.0023363,0,0,0,0,0
986,0.0023363,0,0,0,0,0
987,0.0023363,0,0,0,0,0
988,0.0023363,0,0,0,0,0
989,0.0023363,0,0,0,0,0
990,0.0023363,0,0,0,0,0
991,0.0023363,0,0,0,0,0
992,0.0023363,0,0,0,0,0
993,0.0023363,0,0,0,0,0
994,0.0023363,0,0,0,0,0
995,0.0023363,0,0,0,0,0
996,0.0023363,0,0,0,0,0
997,0.0023363,0,0,0,0,0
998,0.0023363,0,0,0,0,0
999,0.0023363,0,0,0,0,0
1000,0.0023363,0,0,0,0,0
