,Run 1,Run 2,Run 3,Run 4,Run 5,Run 6
1,2.2373,2.8753,3.693,3.6215,2.7798,2.8414
2,2.0155,2.8753,5.9902,3.1361,2.7798,3.1955
3,2.0155,0.46132,5.6172,3.1361,2.1001,3.1874
4,1.0616,0.46132,3.3341,2.0305,2.2045,2.6524
5,1.0616,0.91114,2.9953,2.0305,2.2045,2.6524
6,2.0921,0.91114,2.9125,1.8247,2.221,0.81063
7,2.0921,1.7852,2.9125,1.8247,2.6123,0.81063
8,2.9772,1.7852,2.708,1.9353,2.387,1.7133
9,2.0417,1.7146,1.4728,0.072572,1.7105,3.6397
10,2.0417,1.7146,0.27686,0.072572,1.0651,3.0718
11,1.7624,1.113,0.27686,1.2161,0.2685,3.0718
12,0.76501,1.0822,0.97072,1.2161,0.2685,2.8343
13,0.76501,1.0822,0.97072,1.0118,0.90024,3.8445
14,2.6566,0.97015,1.7345,1.0118,0.90024,2.1798
15,2.6566,0.97015,2.8086,1.0453,1.9224,2.1798
16,1.215,0.59261,3.1415,0.93638,1.9224,4.3377
17,1.215,0.59261,3.0467,0.90703,1.7221,3.7762
18,2.0524,0.49524,2.4299,0.90703,1.7221,3.3809
19,0.5822,0.49524,2.4299,2.2761,2.2441,2.9797
20,0.5822,2.7992,2.1805,2.2761,2.2441,1.7065
21,1.7153,0.52575,2.1805,2.3789,2.9515,1.7065
22,0.78114,0.52575,3.1034,3.4602,0.80119,2.1507
23,0.51383,2.0501,3.1034,0.2743,0.80119,2.2501
24,0.51383,2.0501,3.0557,1.863,0.91375,0.89321
25,3.1747,1.545,3.0557,1.7143,0.55443,0.89321
26,2.7215,1.4068,3.4246,1.4576,0.55443,1.5847
27,2.2122,0.45102,3.0888,1.4576,0.53965,2.8446
28,2.4821,0.45102,1.8447,1.6991,0.68024,1.5223
29,2.548,1.2518,1.8447,1.4006,0.68024,0.46958
30,1.4348,1.2518,1.6046,1.4006,2.6504,0.14968
31,1.4348,2.5925,1.6046,1.0987,2.6504,0.46958
32,3.4738,1.4385,2.8152,0.45774,2.6028,1.7238
33,3.4738,1.4385,2.8152,0.45774,2.2334,1.7238
34,3.3664,1.3614,2.8581,0.15052,2.2334,2.2775
35,1.6061,0.5661,2.8581,0.15052,0.85748,2.2775
36,1.3379,1.3614,2.2291,3.0352,2.1421,2.3972
37,1.3379,0.79511,2.2291,2.9654,1.2337,2.3972
38,0.80342,0.44502,2.7266,0.99866,0.21834,2.8337
39,0.80342,0.36199,3.0439,0.99866,0.2098,0.90503
40,2.6625,0.36199,3.0439,2.5608,0.19153,1.9975
41,2.7325,1.0815,2.8841,2.5608,0.19153,1.9975
42,2.7325,0.7169,2.8841,1.2586,1.8305,4.1042
43,2.5096,0.66787,3.1286,1.2586,1.5011,1.8563
44,1.9364,0.66787,1.9085,2.977,1.5011,2.5359
45,1.8675,1.0625,0.48505,2.0592,3.0971,2.5359
46,0.24149,1.0625,0.48505,2.0592,2.4144,1.5094
47,0.24149,0.48832,2.679,1.6108,1.3149,0.11932
48,0.048816,0.17888,1.9953,2.284,1.3149,1.5094
49,0.048816,0.17888,1.9953,2.284,2.6547,1.0937
50,2.8906,1.1625,2.5097,1.9632,1.7833,0.38348
51,0.70053,1.4553,2.7619,2.1294,1.2331,3.1673
52,0.70053,1.4553,2.7619,2.1294,1.2331,3.1326
53,1.309,1.762,0.82971,1.7483,1.4284,2.4492
54,1.309,0.53677,0.82971,1.7483,1.8471,2.4492
55,1.4871,0.53677,2.5404,1.9555,0.71463,3.6438
56,1.4871,0.9113,2.5404,1.3169,0.71463,2.8911
57,2.1395,0.9113,3.4696,1.3169,2.7661,2.8911
58,1.7661,0.98102,3.1595,2.6269,1.2883,3.6748
59,2.4504,0.58775,3.1595,2.3957,1.2883,3.6748
60,2.201,0.58775,3.2659,1.6031,2.6304,2.0708
61,1.9596,2.1313,2.7353,1.3099,1.5862,2.0708
62,1.0058,0.91611,0.71823,0.84057,1.5862,3.0005
63,0.21299,0.84493,0.71823,0.34103,2.3454,3.0005
64,0.21299,0.84493,2.229,0.34103,1.9463,2.6037
65,2.932,0.15078,2.229,0.25043,1.9463,2.6037
66,2.3559,0.15078,2.9115,0.25043,0.40156,0.65849
67,2.3559,1.1861,2.6269,2.2342,0.40156,2.824
68,2.7511,1.1861,2.6269,2.2342,2.7351,0.99908
69,2.702,0.86864,2.882,1.3243,0.97228,0.99908
70,1.4822,0.86864,2.109,0.70247,0.97228,3.1403
71,0.9329,1.0865,2.7122,0.70247,1.1187,0.27391
72,1.4163,1.0865,2.882,1.3307,1.1187,0.27391
73,1.4163,2.4964,1.9837,1.3307,2.108,1.9107
74,1.2332,0.44035,1.9837,0.54607,0.57378,1.9107
75,1.2332,0.44035,1.9416,0.54607,0.57378,3.2799
76,1.9511,0.99913,1.1147,0.59568,0.66788,3.2799
77,0.90957,0.85968,0.42544,0.59568,0.47138,2.5854
78,0.90957,0.85968,0.42544,1.4148,0.47138,2.5854
79,1.5816,0.19635,1.7461,1.4148,1.7071,3.3934
80,1.5816,0.19635,1.2824,1.7579,1.7071,0.96339
81,0.23572,2.3242,1.2824,1.7579,1.6304,0.96339
82,0.23572,0.84788,0.37488,1.7241,0.33928,0.88163
83,0.49755,0.30128,0.37488,1.7241,1.2536,0.88163
84,0.49755,0.30128,2.4433,2.7085,0.63054,3.6653
85,1.1143,0.80285,2.4433,2.9307,0.63054,2.8051
86,1.8866,0.80285,1.1855,0.57125,1.4742,2.8439
87,1.8866,2.7613,1.1855,0.57125,0.89704,0.6803
88,0.90968,1.8617,3.5107,2.8255,0.47889,2.8439
89,0.5481,1.5189,1.8649,2.3948,2.7048,3.3834
90,0.5481,0.4681,1.418,0.92425,2.4836,3.2302
91,1.1337,0.4681,1.418,0.92425,0.76123,3.0059
92,0.93124,2.8217,3.2513,2.7297,1.8046,0.48599
93,0.2081,0.29099,2.0752,2.0865,0.77148,3.34
94,0.2081,0.29099,2.0752,1.8382,0.77148,3.2217
95,1.1199,2.7096,1.7237,1.8382,2.4441,3.2217
96,0.37677,2.2201,1.7237,2.3683,2.0322,2.1842
97,1.1199,0.70401,0.71697,0.29328,1.6287,1.3612
98,0.92651,0.4662,0.71697,0.29328,1.6287,1.3612
99,0.77926,0.70401,1.5308,2.6443,2.8633,0.68159
100,0.77926,0.18694,2.2476,2.6443,0.64951,2.4689
101,1.7999,2.318,0.83333,1.8677,0.54913,2.7069
102,0.43175,0.67818,0.35787,1.8677,0.54913,2.7069
103,0.20904,0.19561,0.12725,2.9638,1.8924,1.596
104,1.2653,0.19561,0.12725,1.2488,1.8924,1.596
105,0.77001,1.0503,1.2742,1.2488,1.4743,4.0059
106,0.77001,0.65549,1.7401,3.111,2.4163,1.9913
107,1.8458,0.65549,1.4248,2.7188,2.4163,2.9792
108,1.8458,0.60799,1.4248,2.5864,2.5403,2.9803
109,2.3637,0.60799,2.853,2.5864,0.074744,2.7364
110,1.5585,1.7506,0.32943,0.848,0.074744,1.4655
111,1.5585,1.4637,1.1157,0.848,0.41178,2.145
112,2.9292,0.49909,1.1157,3.042,2.8266,2.145
113,1.4635,0.095797,1.0233,3.042,2.9156,2.5242
114,0.60539,0.095797,0.30473,2.6114,1.3496,2.5242
115,1.0956,0.75462,0.30473,2.8673,1.3496,1.7885
116,0.37712,0.75462,1.7996,0.62494,2.6785,1.7885
117,0.37712,2.481,1.7996,0.62494,2.6785,1.3131
118,0.078739,2.1311,3.1761,3.36,1.9466,1.215
119,0.078739,0.75271,0.99637,3.1251,1.9466,1.215
120,1.0138,0.29077,3.0725,0.18452,2.9583,1.1714
121,1.0138,0.052143,0.22916,0.18452,2.9583,3.1622
122,2.4008,0.052143,0.22916,1.3973,1.7619,3.0838
123,2.4008,2.3171,2.0493,1.3973,1.7619,2.7966
124,2.2549,2.1437,2.0493,2.688,2.2684,2.7966
125,1.3231,1.179,2.3046,1.9558,2.1004,2.4662
126,0.48667,1.179,1.7909,1.9558,2.1004,1.757
127,0.48667,1.0219,1.7909,2.2385,0.36387,2.4662
128,0.90959,1.0219,1.7032,2.2385,2.2857,3.2719
129,0.90959,0.36118,1.3273,1.7949,1.3333,2.6551
130,2.5846,0.36118,1.3273,1.7949,1.3333,3.4264
131,2.0683,0.88409,0.45669,2.7222,0.36999,3.0811
132,2.0683,0.88409,0.45669,2.7222,0.86615,1.9558
133,0.13241,0.38181,1.5484,0.34564,0.86615,1.5954
134,0.13241,1.4532,1.0067,0.34564,2.1465,2.7051
135,3.2307,0.60405,0.82791,1.7008,0.5399,2.7051
136,3.1844,0.60405,1.0067,1.7008,2.1465,0.24437
137,1.2807,1.4778,0.89798,2.727,0.51027,0.24437
138,1.2807,0.24579,0.89798,2.727,0.51027,0.43134
139,0.50113,0.24579,0.11214,2.6892,2.3617,0.43134
140,0.50113,0.43623,0.11214,2.6892,0.98046,2.8462
141,1.2447,0.43623,2.9096,2.2209,0.98046,2.5038
142,2.6332,2.0451,1.8064,2.2209,2.8284,0.80768
143,1.3933,2.0451,1.8064,2.5837,3.2087,0.80768
144,1.3933,2.1298,2.5402,2.1733,2.6677,1.291
145,2.6007,2.1298,1.9318,1.1726,2.6677,1.6943
146,2.6007,1.9417,0.91675,1.1726,0.40717,2.9774
147,1.7306,1.469,0.91675,1.2698,0.40717,0.92255
148,1.2157,1.469,2.2728,0.30672,2.4185,1.7001
149,1.2157,1.5851,1.0051,1.2698,0.28318,1.4984
150,0.51161,1.5851,1.0051,1.1907,0.28318,1.4984
151,2.8455,2.7069,2.6228,0.18107,0.53669,2.7301
152,2.8455,0.50412,2.0281,0.18107,0.53669,2.7301
153,2.6346,1.1987,1.119,3.0634,1.8369,1.598
154,2.6346,1.1836,1.119,1.2915,1.7087,3.6985
155,1.0051,1.0266,3.3815,1.2915,1.7087,2.6087
156,1.0051,0.34375,3.3399,2.7983,1.8528,2.8319
157,2.7344,0.34375,3.3399,2.794,1.6546,3.1284
158,1.7674,0.19066,2.7876,1.5465,1.6546,2.5088
159,1.7674,0.19066,2.2602,1.5465,0.8724,0.25678
160,3.1943,1.0218,0.081531,2.5867,0.8724,0.25678
161,1.3145,0.77234,1.3529,2.6215,1.4747,3.1417
162,1.3145,0.77234,1.724,2.6215,1.4747,2.0206
163,2.0616,2.3131,0.8946,3.3629,3.2054,2.874
164,2.0515,2.3131,0.10808,3.0783,3.2787,2.8586
165,1.4744,1.2852,0.10808,1.7498,0.3683,2.787
166,0.48947,1.2852,0.30373,0.44274,0.3683,2.787
167,0.48947,1.5525,0.30373,0.44274,2.8782,2.2797
168,0.9084,0.84738,3.2156,1.5236,0.16988,2.2797
169,0.32648,0.84738,2.9212,2.6834,0.16988,3.7571
170,0.32648,0.32324,2.6901,2.5944,2.6394,2.7662
171,0.79921,0.32324,1.3597,1.4194,1.9017,2.7662
172,0.79921,2.2013,1.0844,1.4194,0.92238,3.1712
173,0.6902,1.2755,1.0844,1.729,0.92238,2.9179
174,0.85366,1.2755,3.868,2.1005,1.0022,2.2914
175,0.85366,0.1039,2.5391,2.1005,1.0022,0.79126
176,0.13207,0.1039,2.5391,2.045,2.4613,0.79126
177,0.13207,0.24485,2.788,1.8754,1.0914,0.63272
178,1.474,0.20801,2.7109,0.99841,0.44774,0.63272
179,0.91433,0.20801,2.2342,0.47503,0.44774,3.2101
180,0.91433,1.5988,0.84116,0.47503,0.3749,1.744
181,2.7044,1.5988,1.1423,2.3612,2.6626,1.744
182,1.9244,0.031273,1.1423,2.3612,1.3826,2.0214
183,1.9244,0.031273,1.3708,0.48713,0.30963,2.5736
184,0.63378,1.6122,1.3708,0.13299,0.7118,2.4648
185,0.63378,1.6122,1.6466,0.13299,0.7118,2.9238
186,1.1139,2.3918,1.6466,1.7996,1.1389,2.9238
187,1.1139,1.632,1.5219,0.95353,1.7552,0.60134
188,3.1347,0.34745,1.5219,0.29838,1.7552,0.60134
189,2.5955,0.34745,2.868,0.29838,1.6505,2.5769
190,1.7918,2.2679,2.7191,2.0849,1.6505,2.714
191,1.7918,2.0615,0.88195,3.2113,2.3351,0.75216
192,1.0915,2.0615,0.88195,3.2113,0.58381,0.75216
193,1.0915,1.7945,1.056,3.0747,0.58381,3.2275
194,0.87023,1.7945,1.056,2.6101,2.5315,3.2275
195,0.87023,0.94292,2.0989,2.6101,2.5315,3.0597
196,3.0171,0.19572,2.0989,2.2619,0.77594,3.0597
197,0.74859,0.19572,1.8466,2.8036,0.4514,2.6037
198,0.46393,0.50858,3.0136,2.8036,0.4514,3.9413
199,0.46393,0.50858,3.0136,3.221,2.9607,0.43829
200,1.2168,1.122,2.1126,1.7405,1.9636,1.1629
201,2.3167,2.3689,1.4397,1.4567,0.83486,2.5957
202,2.3167,2.3689,1.3232,1.4567,2.637,0.88661
203,1.9957,1.4373,1.3232,2.5144,2.637,1.2328
204,1.9957,1.4373,1.1624,2.5144,0.13219,1.2328
205,1.6587,2.8617,1.1624,2.5137,0.13219,0.74033
206,1.6587,2.5844,2.7066,3.4267,1.5359,0.74033
207,1.9675,0.45235,2.7066,2.9231,0.4098,1.4117
208,1.9675,0.45235,2.9198,2.6346,0.4098,3.7262
209,3.1394,0.60533,2.6645,2.4469,2.2749,1.2616
210,2.6237,0.6348,1.1539,1.6502,2.498,1.2994
211,1.9961,0.6348,1.1539,1.4761,2.2615,1.0523
212,1.9961,0.32156,0.16407,1.4761,2.2615,1.0523
213,3.0558,0.32156,2.1646,4.0606,0.38275,1.0437
214,3.0558,0.85108,1.3971,0.77128,0.38275,1.3734
215,2.7069,0.24021,0.69118,0.33796,2.051,1.3694
216,0.45922,0.24021,1.3971,0.33796,2.051,3.4015
217,0.45922,1.745,0.14098,2.9051,1.2507,3.2149
218,0.20124,0.59543,0.14098,2.424,1.2507,3.8581
219,0.20124,0.40461,0.86071,1.7011,1.9842,0.99763
220,2.304,0.40461,0.86071,1.7011,1.9842,0.75408
221,2.304,0.38874,1.6382,1.262,1.5312,0.99763
222,0.33489,0.77412,1.3046,1.262,1.2275,0.99763
223,0.98455,0.77412,1.3046,1.1641,1.5312,3.022
224,0.98455,2.5182,3.1122,1.1641,1.5312,1.5095
225,2.0128,0.70926,2.7742,1.1467,1.9164,1.5095
226,2.0128,0.70926,2.7742,1.1467,1.9164,1.2907
227,0.10614,0.29764,1.4425,3.3479,1.2905,1.2907
228,0.10614,0.13388,1.4425,2.4873,0.91543,2.7017
229,3.1726,0.13108,1.2747,2.9014,0.91543,2.7017
230,3.1347,0.13108,0.36367,2.2998,1.3054,2.9812
231,2.9075,0.95077,1.2747,2.2998,1.3054,2.6791
232,3.1347,0.95077,1.0975,1.8691,2.3137,1.8328
233,0.78553,1.0996,0.61305,1.8691,2.3137,2.6791
234,0.92111,1.0996,0.15217,1.7851,2.2269,2.6791
235,0.92111,3.0913,0.15217,1.4529,2.2142,2.0342
236,2.3902,0.64299,0.57206,1.4529,2.4459,1.5209
237,1.0626,0.64299,0.57206,3.1062,1.8625,2.0342
238,1.0626,0.17384,2.073,3.0186,1.8625,1.7748
239,2.7631,0.17384,2.073,1.0032,3.2051,1.3214
240,0.37901,0.59457,3.1785,1.2273,1.3556,0.80304
241,0.37901,0.59457,2.3191,1.2273,1.3556,0.80304
242,0.72728,0.63416,0.73291,0.30533,2.078,2.1252
243,0.72728,0.71436,1.8017,0.30533,1.9272,2.8231
244,0.16126,0.31512,1.8017,0.96106,1.7361,0.29435
245,2.8012,0.28787,2.6785,0.96106,1.7361,0.29435
246,1.9421,0.27139,2.3747,3.32,2.3372,1.8413
247,1.0021,0.030237,2.3747,3.2834,0.27938,1.8413
248,0.075268,0.030237,1.2929,2.9629,0.27938,2.8147
249,0.075268,1.3976,1.0956,2.7422,1.9553,2.8147
250,0.27817,0.97121,1.2929,1.8114,1.9553,2.8361
251,2.9573,0.16079,2.228,2.0267,3.483,2.9657
252,2.9573,0.16079,2.2921,0.11212,2.6842,1.4775
253,2.9748,2.4655,1.8025,0.0069033,2.6212,1.841
254,2.5834,1.6698,1.3784,0.0069033,2.6212,1.8376
255,2.5834,1.6698,0.52982,2.1839,0.63672,1.8775
256,2.0493,1.9095,0.52982,1.144,0.63672,1.8775
257,2.0493,1.9095,2.9435,1.144,1.6403,3.2145
258,1.0799,1.0241,2.5128,2.6475,1.6403,2.9516
259,1.0799,2.2609,1.6126,2.6475,0.374,3.1962
260,3.1371,1.3457,1.6126,2.4467,0.26347,3.1962
261,2.022,0.33442,1.5325,1.9344,0.26347,3.058
262,1.8278,0.33442,1.5325,1.6728,2.7453,3.058
263,1.8278,1.1968,3.1204,0.62075,2.7424,1.3315
264,2.0247,0.99716,0.84928,0.62075,2.7376,1.3315
265,2.0247,0.99716,0.84928,2.7281,1.2719,2.0293
266,3.1227,1.1075,2.8428,0.31097,1.2719,2.0293
267,2.6394,1.0536,2.4468,0.31097,2.9905,2.6172
268,2.6394,0.29783,1.6888,1.816,2.9905,2.6172
269,2.8526,0.29783,1.6888,1.6004,2.6565,2.6052
270,1.2913,0.39999,2.714,1.6004,2.7644,2.8228
271,1.2913,0.39999,0.36498,1.2073,2.7644,2.6708
272,0.98905,0.25254,1.6778,1.2073,0.86585,2.7378
273,0.98905,0.25254,1.6778,3.0326,0.47128,0.83095
274,2.759,1.3804,0.94792,1.3536,0.47128,0.83095
275,2.759,1.3804,0.94792,1.3536,3.1287,0.16427
276,3.8241,2.1552,3.5172,2.6637,3.1101,0.16427
277,1.867,1.217,2.6368,0.5151,1.2404,2.7154
278,2.7279,1.217,1.7151,0.3464,1.2404,2.347
279,1.9156,1.1343,1.7151,0.3464,1.5267,0.46264
280,2.5091,0.10401,2.8219,2.9138,1.5382,0.46264
281,1.5679,0.10401,1.8206,2.7582,1.1033,0.26602
282,0.37379,0.99764,1.6741,1.6938,1.1033,3.5921
283,0.37379,0.47382,1.6741,1.4922,0.90675,3.8166
284,2.748,0.27985,1.6978,0.96757,0.90675,0.45936
285,0.67489,0.27985,2.9065,0.96757,1.5987,2.8755
286,1.6597,0.24201,0.88298,2.2013,0.16476,1.1913
287,0.77586,0.55159,0.88298,0.85337,0.16476,1.1913
288,0.37644,0.11394,1.2268,0.85337,1.3369,2.9901
289,0.37644,0.11394,1.119,0.6791,1.3369,2.9901
290,2.9839,0.47084,1.119,0.15336,1.84,2.0848
291,1.6397,0.47084,0.86603,1.6826,1.7562,0.89489
292,1.6397,1.723,0.86603,0.40655,1.6397,0.89489
293,1.4705,1.723,0.96079,0.40655,1.6397,2.451
294,0.25768,2.3865,0.96079,2.6573,2.3575,2.451
295,0.25768,2.024,0.83993,2.6573,2.3575,2.3954
296,1.7583,0.58872,0.83993,0.82246,2.7809,2.0264
297,0.29539,0.58872,1.9054,0.82246,2.7809,1.9021
298,0.24736,1.3136,1.9054,2.7812,2.7694,1.9021
299,0.24736,0.65837,1.1797,1.5409,2.0772,0.17578
300,0.9339,0.65837,1.1797,1.5409,1.2655,2.9365
301,1.5424,1.3919,3.3909,2.9503,2.8615,2.3858
302,1.4682,1.3919,2.4647,2.9503,2.8615,2.3858
303,1.5424,0.82483,3.1497,2.593,2.3151,1.3424
304,1.5424,0.82483,3.1497,2.2032,0.58367,1.3424
305,1.8024,1.2478,2.3909,0.61449,1.5043,3.4131
306,1.8024,0.75852,2.3909,2.2032,0.95065,3.6589
307,2.8031,0.75852,3.3352,2.2032,0.95065,2.9766
308,0.71519,2.1012,2.7599,0.31493,3.1365,0.36365
309,0.66603,2.1012,0.92646,0.31493,1.5731,0.36365
310,0.66603,2.5461,3.0301,3.2235,1.5731,2.23
311,1.8146,1.9383,0.93346,2.2932,1.864,2.23
312,1.8146,1.9383,0.93346,2.0322,1.864,3.306
313,1.2491,1.6373,0.91044,2.0322,2.8009,2.5955
314,2.2105,1.6373,0.17183,2.5231,2.2582,2.5955
315,1.5593,1.3312,0.17183,0.18807,2.2582,2.6825
316,1.4678,1.3312,0.45648,2.0787,1.2123,2.6825
317,0.17936,1.451,0.45648,2.0787,1.2123,3.2433
318,0.17936,1.451,0.58218,3.2411,2.3749,0.37377
319,2.8809,1.665,0.58218,3.231,2.3749,0.37377
320,2.7802,1.665,3.798,2.8765,0.85559,2.767
321,2.3524,1.1147,2.6384,2.8765,0.85559,2.767
322,2.0995,0.08613,2.5543,3.3507,2.027,3.0431
323,2.0995,0.08613,2.2618,3.2054,1.5126,3.0431
324,1.016,1.7848,0.72839,2.9413,1.6282,2.9192
325,1.016,1.5093,0.72839,0.35315,1.6223,0.46934
326,2.3656,0.60054,3.3341,0.28943,2.9932,0.46934
327,0.15717,0.54929,3.0307,0.35315,1.2041,2.1749
328,0.15717,0.044392,2.2956,0.71905,1.095,3.088
329,0.95535,0.044392,2.2956,0.71905,1.8311,0.21214
330,0.29747,1.4089,2.7834,3.319,0.86043,0.21214
331,0.23777,1.4089,2.4106,1.4008,0.86043,0.71708
332,0.014797,1.2811,2.4106,1.4008,0.67597,0.71708
333,0.014797,0.34039,2.5873,0.45721,0.67597,2.0535
334,0.97826,0.98192,2.5873,0.45721,2.2935,1.3126
335,0.97826,0.98192,0.99197,2.8925,1.6267,1.3126
336,1.5631,0.34113,0.19966,2.8925,1.6267,3.2692
337,1.5631,0.34113,0.19966,2.4358,2.6728,1.6533
338,2.3107,1.2656,1.6075,1.4719,2.6728,0.91498
339,2.3107,1.2656,0.76027,1.4719,1.3608,0.061199
340,0.27605,0.27899,0.71861,2.8565,1.3608,0.061199
341,0.27605,0.27899,0.76027,2.8565,2.6212,1.3902
342,2.4856,2.8511,0.76027,3.109,2.6212,1.3462
343,2.4856,0.86406,2.752,1.0339,2.5894,1.3223
344,1.4998,0.86406,1.512,1.6984,2.2989,0.86846
345,1.4998,1.2645,1.512,1.6984,2.2989,0.86846
346,2.1861,1.2645,1.8911,3.0859,1.9903,1.3035
347,2.1861,1.6755,1.8911,2.6665,0.41019,1.3035
348,2.6173,2.7333,1.8947,0.32573,0.41019,1.0812
349,1.0243,2.627,3.3445,0.32573,1.298,1.3943
350,0.019338,2.627,1.8521,2.7316,0.96392,1.3943
351,0.08638,2.2472,1.3084,0.19523,0.93942,2.4918
352,0.08638,1.3435,1.3084,0.19523,0.93942,2.4918
353,1.39,0.6254,1.8627,2.7302,0.2058,1.3529
354,2.7368,0.6254,1.8627,2.7302,0.2058,2.3122
355,1.9458,2.3889,3.1368,3.1957,2.9721,2.3122
356,1.3543,2.3889,2.9486,2.5725,2.657,3.0494
357,1.293,1.3369,2.9486,2.5725,2.4058,3.0494
358,0.44224,1.2549,2.8985,0.98549,2.4058,1.8866
359,1.2245,0.71179,2.6871,0.98549,0.66582,1.8866
360,0.85659,0.179,2.6871,3.4365,0.66582,0.64013
361,0.79496,0.179,1.363,1.432,1.4543,2.7598
362,0.54411,1.8363,1.363,2.4121,1.4543,2.7663
363,0.54411,1.0994,1.2805,1.2911,0.37086,2.9169
364,1.0164,1.0994,1.2805,1.2911,0.34185,2.5979
365,1.0164,1.1496,3.4636,1.5464,0.37086,2.9304
366,1.223,1.1496,2.3593,1.5464,0.37086,0.47207
367,0.17135,1.1613,2.5653,1.1455,2.7195,0.47207
368,0.17135,1.1613,1.716,1.1455,0.77511,1.5621
369,3.0327,1.2361,1.716,0.4958,0.77511,1.6995
370,3.0251,1.2361,2.1036,0.42051,0.73401,2.6047
371,2.6552,1.1892,2.1036,0.4958,1.2194,0.74531
372,1.0931,1.1405,1.1017,0.16484,1.7304,2.7087
373,1.0931,1.1405,1.1017,0.16484,0.93208,2.7087
374,0.35364,2.0717,1.6727,3.0731,1.7304,0.80391
375,0.35364,0.53497,1.2284,1.9775,0.92763,0.80391
376,1.7686,0.53497,1.2284,1.9775,0.92763,1.3843
377,1.7686,1.1762,0.45803,1.6593,1.5211,1.8105
378,0.31007,0.34992,0.45803,1.6593,0.71771,1.6221
379,0.31007,0.34992,1.8482,1.9556,1.155,1.3206
380,2.4184,1.5406,2.9643,1.9556,0.68646,1.6221
381,2.4184,1.5406,1.7555,1.6333,0.68646,1.6221
382,1.3258,1.6552,1.7555,1.2273,1.3171,1.4602
383,1.3258,1.6552,3.2318,1.2273,1.3171,1.4602
384,1.2782,0.93421,2.7268,1.8858,2.298,2.2778
385,1.2782,0.93421,1.9346,1.8858,2.298,2.2778
386,3.089,1.424,1.8459,0.9648,0.9313,2.8401
387,3.0213,1.424,1.8459,0.9648,1.7202,3.0976
388,1.2668,0.53672,2.5305,2.5109,1.9842,2.3036
389,1.2668,0.53672,1.5547,0.44265,1.5736,0.84685
390,3.2156,1.563,1.5547,0.44265,1.5736,0.84685
391,3.2156,1.0963,2.0843,2.9253,1.0919,3.6436
392,3.1065,0.59198,1.8192,1.7159,1.0919,3.0242
393,2.108,0.12407,0.89353,0.4007,2.4262,3.0242
394,2.108,0.12407,0.89353,0.4007,1.591,1.8055
395,0.43221,1.1807,2.2119,0.32646,0.72036,0.76683
396,0.43221,0.54238,1.0857,0.32646,0.72036,0.76683
397,2.592,0.19666,0.99392,1.4271,0.49989,1.5729
398,1.6528,0.19666,0.99392,2.3214,0.8773,1.2138
399,1.1778,1.1843,0.88851,2.637,0.8773,3.2788
400,1.1778,0.25856,0.88851,2.637,3.0169,2.2997
401,2.7825,0.16372,2.2964,2.5633,2.737,2.1788
402,1.6467,0.16372,2.2964,1.6977,2.6727,1.0131
403,2.7455,1.3557,1.3919,0.15201,1.0979,0.66674
404,2.4127,1.4731,3.0643,1.4609,0.58589,2.1788
405,1.2808,1.0903,2.161,0.62805,2.835,2.1277
406,1.0129,0.3106,0.44271,0.62805,2.3949,2.1277
407,1.2808,0.17349,0.44271,2.9523,0.11822,2.8347
408,0.46475,0.17349,1.9535,2.3435,0.11822,2.4825
409,0.46475,0.21357,2.5049,2.3435,0.075206,2.4825
410,3.0912,0.23368,0.6266,2.8806,0.075206,1.3246
411,3.0867,0.23368,0.6266,2.8806,2.6912,1.3246
412,1.7172,2.1624,0.35917,2.1843,0.19358,1.8918
413,1.7172,1.157,0.35917,2.1843,0.19358,1.8918
414,1.3022,1.157,3.0436,2.267,2.254,2.1354
415,1.3022,0.59557,1.3238,2.267,2.254,2.1354
416,2.5247,0.59557,1.3238,1.5861,2.8106,4.1001
417,2.5247,0.040241,3.224,1.5861,2.7449,2.3965
418,2.649,0.040241,1.3078,2.3641,1.7502,2.3965
419,2.8821,0.24335,2.2858,0.97674,0.61577,2.5608
420,0.28051,0.24335,1.9679,0.97674,0.61577,2.314
421,0.28051,0.47105,1.3603,1.6977,0.74824,2.314
422,1.3121,0.47105,1.2314,1.6977,0.74824,1.5161
423,0.94994,0.83227,0.7864,1.4603,1.9787,1.339
424,0.7796,0.83227,0.7864,1.4603,1.9787,1.8359
425,0.7796,1.0935,2.8148,2.5837,2.2871,1.5643
426,1.2691,0.83074,2.7994,0.86883,1.6675,1.5643
427,0.3296,0.16667,2.8249,0.86883,1.4137,0.27679
428,0.3296,0.16667,2.7455,2.8051,0.25881,1.4354
429,2.3,1.6418,1.5747,2.8051,0.25881,1.4354
430,2.3,0.34701,1.5747,0.043592,1.6285,2.0355
431,2.7197,0.34701,2.7504,0.043592,0.47456,2.0355
432,2.7197,0.28738,2.7504,2.2374,0.47456,2.5305
433,1.6624,0.28738,2.7814,2.2374,1.6692,1.7467
434,1.1491,1.5132,1.2399,1.1698,2.3288,1.7467
435,1.6624,1.3552,2.3301,0.54848,0.77098,2.7592
436,1.2982,1.3552,0.33799,0.54848,0.77098,1.0657
437,1.2982,0.47011,0.33799,2.4779,2.0209,1.0657
438,2.4732,0.47011,2.027,2.2057,1.0896,3.222
439,2.4732,2.8876,1.65,2.4747,1.3734,2.8706
440,1.2205,0.045577,1.65,2.5286,1.3734,0.51846
441,1.2205,0.045577,0.31053,2.5286,0.72864,2.7735
442,1.3405,0.72765,0.31053,0.6723,1.0871,0.71505
443,2.9803,0.72765,1.5977,0.6723,1.0871,2.111
444,2.8605,2.4452,0.39752,0.86073,0.96131,1.7314
445,2.2264,2.4228,0.17314,0.86073,0.96131,1.7314
446,1.0207,0.69997,0.17314,3.0237,1.9739,2.6568
447,0.7303,0.69997,1.7599,2.8788,0.87644,2.6568
448,0.7303,1.2587,2.5119,2.8788,0.87644,1.938
449,0.96679,1.1854,2.5119,0.058669,1.6101,1.938
450,0.61803,1.1854,2.6507,0.058669,1.6101,0.63792
451,2.4127,2.6563,3.1504,3.7117,2.6791,1.0043
452,2.1187,2.6563,2.97,3.7117,2.0297,1.0043
453,0.35566,1.7966,2.5869,2.6139,0.78966,2.9431
454,0.35566,1.7966,2.5869,2.4593,0.78966,2.2499
455,2.6903,2.6634,2.7194,2.4593,2.7974,2.2326
456,2.6903,2.6634,2.7194,2.9024,1.0401,1.2562
457,2.5878,1.3514,0.82212,2.9024,1.0401,0.95957
458,2.5878,1.3514,0.82212,2.2428,2.3545,0.88616
459,3.2391,0.87213,1.1568,2.082,2.3545,0.95383
460,3.2768,0.87213,1.1568,2.2428,1.4107,0.95383
461,3.2768,0.46383,0.29486,1.8005,1.4108,2.7928
462,1.197,0.46383,0.29486,1.349,0.48719,1.1671
463,1.197,1.5263,2.4512,1.349,0.48719,1.1671
464,1.8556,1.0052,2.4512,2.9718,0.68716,3.759
465,1.3512,1.5263,3.2651,0.75052,0.68716,2.5717
466,1.3512,0.42648,3.2651,0.40052,2.3916,2.119
467,1.7178,0.21372,2.0757,0.40052,2.1561,2.119
468,1.7178,0.21372,2.0757,2.7197,0.48961,2.566
469,2.8797,1.6439,1.3964,2.7197,0.48961,1.4376
470,0.49072,1.0543,1.3964,1.2981,2.832,1.4376
471,0.49072,0.9652,1.5437,1.2981,1.4767,2.5989
472,0.12502,0.55437,0.58664,1.2712,1.4767,2.9947
473,0.12502,0.41033,0.58664,1.2712,2.443,2.8831
474,1.2736,0.087486,2.4361,1.8048,2.443,2.729
475,1.2736,0.087486,1.9476,1.8048,1.4645,2.8831
476,2.6628,1.9571,1.0509,3.3013,1.4645,2.8831
477,2.6378,1.492,1.0059,3.3013,1.19,0.57306
478,1.4423,0.34055,0.18855,3.3055,1.19,0.57306
479,1.4423,0.34055,0.92186,3.1357,2.6075,0.68526
480,1.007,0.80085,1.0059,0.91413,0.46678,0.68526
481,1.007,0.95887,1.0059,2.5618,0.46678,2.461
482,0.61632,0.95887,1.1838,1.4663,0.36684,2.461
483,0.61632,0.60648,2.3424,1.4663,0.36684,1.9657
484,2.7798,0.052597,2.3424,2.0451,2.6124,0.35293
485,2.7246,0.052597,0.98414,2.0451,2.8106,0.35293
486,1.0832,0.43335,0.88537,2.711,1.5797,3.1805
487,0.27363,0.43335,2.6235,2.711,0.6485,0.2916
488,0.27363,1.2602,2.5547,2.2484,1.4068,0.2916
489,2.0544,1.2602,1.5375,2.2484,0.55727,3.088
490,1.1781,0.050191,1.3217,3.2115,1.3782,2.8188
491,1.1781,0.050191,0.82646,2.8825,1.3782,2.8188
492,2.4263,1.4595,0.65982,3.2115,0.61834,3.1401
493,2.4263,0.49915,0.65982,0.65761,0.61834,2.6298
494,0.24967,0.49915,1.7494,0.65761,1.176,2.4757
495,0.24967,2.0301,0.77046,2.4457,0.96313,2.4757
496,1.7383,0.4908,0.77046,2.4457,0.92722,3.0582
497,2.719,0.4908,2.4473,1.4433,0.92722,2.8329
498,1.3427,1.4679,1.0328,1.4433,0.49862,1.7076
499,1.3427,1.4679,1.0328,2.5966,0.49862,1.7076
500,3.276,2.548,1.6282,2.2495,1.3021,2.5986
501,1.6325,0,3.4362,0,0.45345,0.874
502,1.1553,0,2.396,0,0.45345,0.874
503,1.1553,0,2.396,0,2.6511,3.1713
504,3.0369,0,0.8891,0,2.2392,2.4093
505,1.728,0,0.8891,0,2.2392,2.4093
506,1.728,0,2.0184,0,3.388,2.3261
507,2.399,0,0.83106,0,1.5015,0.79328
508,2.399,0,0.83106,0,1.5015,0.79328
509,1.9863,0,2.6634,0,2.3339,2.5946
510,1.9863,0,2.6634,0,2.3339,2.991
511,1.6791,0,2.4926,0,0.97273,2.991
512,1.6791,0,2.4926,0,2.4732,1.8502
513,1.625,0,1.9581,0,2.4732,1.8502
514,1.625,0,2.1714,0,1.9846,0.32388
515,2.7527,0,2.0629,0,1.9846,0.32388
516,2.7417,0,2.4964,0,2.2386,2.9862
517,1.7614,0,1.5891,0,2.2386,2.0427
518,0.45795,0,1.2425,0,0.69242,2.0427
519,0.45795,0,1.0449,0,0.69242,0.5418
520,0.77385,0,1.0449,0,2.2666,1.472
521,2.4422,0,0.21823,0,2.2666,1.472
522,2.4422,0,0.21823,0,2.126,2.3052
523,1.0059,0,0.070088,0,2.126,2.2037
524,1.0059,0,0.070088,0,0.46538,2.2037
525,2.5124,0,0.4847,0,0.44851,3.5366
526,2.5124,0,0.4847,0,0.44851,3.186
527,0.40231,0,1.0824,0,3.2058,2.6791
528,0.40231,0,1.0824,0,1.6266,2.6746
529,3.0511,0,1.2461,0,1.6266,2.6245
530,2.2168,0,1.2461,0,1.2844,1.0529
531,2.2168,0,2.041,0,1.2844,0.48846
532,2.0815,0,2.2603,0,0.53838,0.48846
533,2.0815,0,2.2973,0,0.53838,4.2262
534,2.6765,0,2.2973,0,1.2038,3.5223
535,2.6765,0,1.8513,0,1.7097,2.8615
536,3.1599,0,2.1581,0,1.4218,3.3995
537,0.1388,0,0.67127,0,1.7097,3.3995
538,0.1388,0,0.67127,0,1.2775,3.2079
539,2.0698,0,1.6022,0,2.6532,2.7257
540,2.0698,0,3.0737,0,0.71102,0.24808
541,2.8038,0,2.307,0,0.81788,0.24808
542,2.4234,0,0.89977,0,1.1655,3.2522
543,1.3711,0,1.2277,0,2.1068,3.2522
544,1.4164,0,0.8034,0,0.97126,3.259
545,1.4164,0,0.5965,0,0.073683,1.9849
546,0.80116,0,0.071675,0,0.073683,2.4056
547,0.80116,0,0.071675,0,0.90045,0.88101
548,2.6027,0,2.9624,0,0.90045,2.0941
549,1.8791,0,2.2711,0,2.0053,2.5316
550,1.8791,0,2.2711,0,2.0053,2.5316
551,2.7524,0,2.8683,0,2.9219,3.2121
552,2.6544,0,1.0171,0,2.9219,3.43
553,2.6544,0,1.0171,0,0.93596,3.43
554,2.3145,0,0.27168,0,0.93596,3.8648
555,2.0773,0,0.27168,0,2.7764,2.3365
556,2.3145,0,3.0197,0,2.7764,2.4834
557,2.3145,0,2.4123,0,0.77534,2.4834
558,2.6668,0,2.7098,0,0.77534,3.6548
559,2.6668,0,2.7098,0,2.726,3.1032
560,2.9741,0,0.78572,0,3.0582,3.1032
561,2.9741,0,0.78572,0,1.6564,2.9752
562,2.8732,0,2.5205,0,1.6564,3.3976
563,0.95321,0,2.0954,0,2.5726,2.8088
564,0.95321,0,1.4809,0,2.5726,2.1264
565,0.47509,0,0.53171,0,1.0448,1.0068
566,0.47509,0,0.53171,0,1.5009,1.0068
567,2.1277,0,1.0682,0,0.36751,0.97113
568,0.9189,0,1.0682,0,1.9343,2.9379
569,0.9189,0,2.8891,0,1.9343,2.0785
570,1.8324,0,2.8891,0,0.51793,0.34058
571,1.8324,0,1.3676,0,0.51793,0.34058
572,0.88876,0,1.3676,0,2.4034,3.2154
573,0.88876,0,1.1578,0,2.4034,0.19265
574,2.6268,0,3.0541,0,0.53831,2.1215
575,2.4879,0,2.8983,0,1.4344,2.9145
576,0.62587,0,1.1431,0,1.4344,2.7519
577,0.62587,0,1.1431,0,2.1234,2.7519
578,0.9692,0,2.2902,0,2.1234,0.47622
579,2.9513,0,2.2902,0,2.715,0.47622
580,2.8247,0,3.1403,0,2.715,2.656
581,1.723,0,2.6832,0,2.2633,2.656
582,1.5922,0,2.6832,0,1.6816,2.7358
583,0.85501,0,2.9744,0,1.6816,1.8343
584,0.25033,0,3.1414,0,0.73,1.8343
585,0.44906,0,2.9066,0,0.73,2.2783
586,0.76962,0,2.2778,0,2.7586,3.2278
587,0.76962,0,2.2778,0,0.55663,3.1323
588,0.52919,0,2.1556,0,0.65804,3.3722
589,0.90661,0,0.95151,0,0.65804,2.7848
590,0.94758,0,0.95151,0,0.11836,3.4292
591,0.71154,0,1.0788,0,1.2821,1.7184
592,0.71154,0,0.98766,0,1.2821,2.3267
593,0.64334,0,0.98766,0,2.1055,3.1245
594,0.64334,0,3.0726,0,2.4304,2.1007
595,2.5931,0,2.6961,0,1.1218,2.1007
596,2.3905,0,2.6961,0,0.54775,1.6732
597,2.3905,0,2.1959,0,0.54775,1.8872
598,1.7853,0,2.1959,0,1.6408,2.6475
599,2.1793,0,0.26303,0,1.6408,0.51443
600,1.3523,0,0.26303,0,0.63026,2.6475
601,1.7773,0,1.7289,0,2.1367,2.0373
602,1.7773,0,1.7289,0,0.52912,2.5215
603,2.6856,0,0.94217,0,0.52912,1.9706
604,1.7327,0,0.94217,0,1.4409,1.9706
605,0.99553,0,1.0611,0,1.4409,2.8329
606,0.99553,0,2.8434,0,1.13,3.2211
607,0.94352,0,1.2396,0,0.45299,0.24539
608,0.94352,0,1.2396,0,0.47342,1.8111
609,1.6939,0,2.1998,0,0.64613,1.7079
610,2.6774,0,2.1998,0,0.64613,1.3003
611,1.5064,0,0.46728,0,1.9287,1.3003
612,0.17279,0,0.46728,0,1.4977,2.1331
613,0.17279,0,2.2817,0,0.44892,2.4396
614,2.4058,0,2.2817,0,1.404,2.0851
615,1.7932,0,2.1817,0,1.404,2.0851
616,1.9552,0,0.69775,0,0.10143,2.1007
617,1.2732,0,0.69775,0,0.10143,3.0992
618,1.9552,0,1.9213,0,0.56469,3.045
619,0.41102,0,0.84572,0,0.56469,2.0377
620,0.41102,0,0.84572,0,0.68466,1.5756
621,1.7637,0,3.3998,0,0.68466,3.0986
622,1.6692,0,1.6695,0,2.3063,3.1822
623,1.6692,0,1.6695,0,1.3989,2.4123
624,1.9966,0,2.0713,0,1.3989,2.4123
625,1.2941,0,2.0713,0,2.138,2.7256
626,0.079254,0,2.7041,0,2.138,2.7256
627,0.079254,0,2.7041,0,2.155,2.1597
628,1.5352,0,3.3729,0,2.561,2.6344
629,0.46965,0,2.8839,0,2.561,2.6344
630,0.46965,0,2.8405,0,2.6468,0.28274
631,0.71449,0,0.49564,0,2.6468,2.9563
632,0.71449,0,0.25383,0,2.6525,1.392
633,2.6754,0,0.25383,0,0.23702,1.392
634,1.173,0,1.3391,0,0.23702,2.6394
635,1.1543,0,1.3391,0,1.7788,2.6394
636,1.1543,0,1.7299,0,1.7788,2.8474
637,1.3285,0,1.7299,0,0.72198,2.8474
638,1.4437,0,2.7514,0,0.55323,3.1747
639,1.1093,0,3.0926,0,2.1382,2.9038
640,0.56433,0,1.7346,0,2.1382,3.2216
641,0.38974,0,0.58808,0,0.42448,3.2216
642,0.38974,0,0.58808,0,0.25371,2.8092
643,3.106,0,2.5433,0,0.25371,2.8092
644,3.106,0,2.6828,0,0.051961,1.9151
645,2.3522,0,0.85556,0,0.051961,1.83
646,2.3522,0,0.85556,0,1.7347,1.9151
647,3.0164,0,2.0796,0,3.0009,1.9151
648,2.7357,0,1.8782,0,2.8643,2.6833
649,3.016,0,1.4258,0,1.0044,2.6833
650,1.5049,0,1.4258,0,1.0044,2.72
651,2.477,0,2.8401,0,2.4506,1.9916
652,2.5345,0,2.7917,0,2.4506,2.0756
653,2.5345,0,2.7917,0,2.1305,2.7193
654,1.501,0,2.8269,0,2.1305,2.7193
655,1.501,0,2.1105,0,2.7912,2.1139
656,0.67655,0,0.54486,0,2.7912,2.1139
657,0.67655,0,0.54486,0,1.9242,2.6433
658,2.6557,0,2.6605,0,1.9242,2.6433
659,2.6927,0,2.6605,0,1.1498,2.9847
660,2.106,0,1.4191,0,1.1498,1.788
661,1.3367,0,1.4191,0,0.26249,0.21278
662,1.3367,0,2.2973,0,0.26249,0.21278
663,2.7932,0,2.2973,0,2.1592,1.8946
664,2.7932,0,2.4829,0,2.1592,1.8946
665,1.9108,0,0.88552,0,2.7275,2.2012
666,1.9671,0,0.88552,0,2.5862,2.2012
667,1.9671,0,2.5087,0,2.3327,0.47629
668,2.81,0,2.5087,0,2.3327,0.47629
669,2.6741,0,2.1695,0,1.2848,2.8326
670,0.20169,0,2.1695,0,1.2848,2.5197
671,2.1664,0,1.1817,0,0.53774,2.5197
672,0.17595,0,1.1817,0,0.53774,0.27146
673,0.17595,0,2.6351,0,2.7422,2.4535
674,2.7641,0,2.0054,0,0.56343,3.6534
675,0.93257,0,0.095467,0,2.0129,2.4129
676,0.93257,0,0.095467,0,1.7159,3.2793
677,0.66154,0,1.6451,0,2.0709,3.8322
678,0.66154,0,0.85016,0,0.35379,1.8626
679,0.92938,0,0.85016,0,0.35379,3.4797
680,0.24423,0,2.4645,0,2.3381,0.97063
681,0.24423,0,2.4645,0,2.3381,2.1984
682,2.9777,0,2.6891,0,0.32349,3.2621
683,2.9777,0,2.6891,0,0.32349,1.9886
684,1.111,0,2.5835,0,2.5527,1.9886
685,1.1895,0,1.7519,0,0.9981,2.9585
686,1.1895,0,0.21874,0,0.9981,2.0871
687,2.8892,0,0.21874,0,2.8906,2.295
688,2.2121,0,2.7596,0,2.6667,2.2559
689,2.2121,0,2.0452,0,0.73261,2.2559
690,0.82823,0,1.1725,0,0.73261,3.7471
691,2.0535,0,0.4096,0,2.3887,2.6647
692,2.0535,0,0.4096,0,2.3887,2.6647
693,2.9328,0,2.1811,0,1.1036,2.1221
694,2.7629,0,0.51734,0,0.23736,2.8998
695,0.57356,0,0.51734,0,0.23736,3.0779
696,0.57356,0,0.13069,0,1.278,2.7318
697,2.3939,0,0.13069,0,2.6705,2.7318
698,1.8872,0,2.22,0,1.4344,2.8235
699,1.8872,0,2.22,0,0.69242,2.8235
700,2.7916,0,3.3956,0,0.69242,0.91088
701,1.4277,0,2.7982,0,2.9009,2.916
702,1.4277,0,0.88538,0,2.8596,2.916
703,2.112,0,0.88538,0,2.6901,1.1648
704,2.112,0,2.4126,0,0.77689,1.1648
705,2.6029,0,2.4126,0,0.77689,2.353
706,2.6029,0,2.2266,0,3.1636,2.353
707,2.9276,0,2.2266,0,1.8104,2.9022
708,2.0864,0,2.0613,0,1.4806,2.9022
709,0.88602,0,2.0613,0,1.4806,3.3249
710,1.3539,0,3.1324,0,2.8471,3.3249
711,0.20512,0,1.0203,0,2.6914,0.63186
712,0.20512,0,1.0203,0,1.4854,0.63186
713,2.9178,0,2.6031,0,1.7461,3.1278
714,2.5806,0,2.4306,0,1.7128,3.0848
715,2.5806,0,1.872,0,0.9387,1.7588
716,0.67705,0,1.6419,0,0.073692,1.7588
717,0.67705,0,1.6419,0,0.073692,1.8283
718,2.0902,0,1.4447,0,1.9238,1.8283
719,0.25281,0,1.4447,0,0.98269,3.0514
720,0.25281,0,0.7919,0,2.4367,3.5086
721,2.126,0,0.7919,0,2.4367,1.2463
722,2.126,0,2.904,0,0.39329,1.0437
723,2.3941,0,2.8265,0,0.39329,2.9903
724,2.3941,0,2.8265,0,3.0938,2.9903
725,1.2308,0,0.1996,0,2.6451,0.26148
726,1.2308,0,0.1996,0,0.25391,0.26148
727,0.77853,0,3.5178,0,0.25391,2.9542
728,0.28899,0,2.6123,0,1.6596,2.078
729,0.28899,0,2.6123,0,1.6596,1.3944
730,2.1588,0,3.1606,0,2.8222,1.3944
731,0.94722,0,2.9612,0,1.9074,0.68496
732,0.7097,0,2.7345,0,1.9074,0.68496
733,0.7097,0,2.7345,0,1.6577,3.5396
734,1.1486,0,0.17213,0,2.4546,1.2727
735,1.1486,0,0.17213,0,0.81353,3.3721
736,2.8459,0,2.437,0,0.81353,1.2936
737,2.8459,0,2.437,0,1.4961,1.2936
738,3.3732,0,1.7262,0,1.3738,2.9543
739,2.7333,0,1.7262,0,0.41325,2.6795
740,2.1982,0,0.15041,0,0.41325,2.9543
741,0.42774,0,0.15041,0,2.7213,2.9543
742,0.42774,0,2.2281,0,2.6778,2.6814
743,2.4139,0,2.2281,0,2.4559,2.6777
744,0.11628,0,2.8542,0,2.1593,2.8925
745,0.11628,0,3.1013,0,0.46692,2.8925
746,1.1429,0,2.2495,0,0.46692,0.45727
747,1.1429,0,0.83642,0,1.735,0.45727
748,2.6054,0,0.83642,0,1.735,0.073146
749,2.6054,0,2.5725,0,1.3536,2.5965
750,3.1321,0,2.5725,0,0.30895,2.5965
751,1.4283,0,2.0778,0,3.2782,4.3131
752,1.3603,0,2.0778,0,1.6479,2.9378
753,1.5443,0,2.7517,0,0.87314,0.58621
754,2.4917,0,3.4887,0,0.49741,0.58621
755,0.20798,0,3.4887,0,0.49741,3.417
756,0.20798,0,2.5555,0,1.7467,3.417
757,2.6421,0,2.5555,0,1.7467,2.9129
758,0.97984,0,0.9856,0,1.0988,0.41221
759,0.97984,0,0.78577,0,1.0988,0.41221
760,0.51656,0,0.78577,0,1.2066,0.91313
761,0.51656,0,2.783,0,0.94855,0.91313
762,1.7561,0,1.0256,0,0.94855,2.8156
763,1.8068,0,1.0256,0,1.827,2.9703
764,1.8068,0,3.199,0,2.7828,2.3975
765,1.6185,0,1.8519,0,2.8426,2.3975
766,0.63713,0,1.5413,0,2.8426,2.372
767,0.24001,0,1.5413,0,0.050699,3.2928
768,0.24001,0,3.3291,0,1.0042,2.8423
769,1.345,0,3.4336,0,1.0042,2.8423
770,0.40214,0,1.9668,0,2.2659,1.8923
771,0.40214,0,1.9668,0,2.2659,1.8923
772,0.56126,0,1.897,0,1.3695,1.6547
773,0.086627,0,1.897,0,1.7293,3.3408
774,0.086627,0,2.3419,0,1.7293,1.1166
775,1.9068,0,0.29586,0,2.5592,2.8639
776,1.9544,0,0.29586,0,1.863,3.2084
777,0.92645,0,1.1829,0,0.58035,2.4127
778,0.92645,0,1.1829,0,0.58035,2.8252
779,1.7838,0,1.1221,0,0.55408,2.8252
780,1.7242,0,0.12909,0,0.55408,0.054507
781,1.7242,0,0.12909,0,2.6115,0.054507
782,1.6373,0,2.684,0,2.6115,1.7821
783,1.6373,0,2.2042,0,2.982,1.7821
784,3.0109,0,1.438,0,2.6897,2.8309
785,2.8685,0,0.59761,0,1.2914,2.9
786,2.8685,0,0.59761,0,1.2914,2.9
787,2.5913,0,0.56402,0,3.2982,2.8291
788,1.1152,0,0.56402,0,3.1954,2.8291
789,1.1152,0,1.6917,0,2.806,1.3033
790,2.921,0,1.6917,0,1.1601,1.3033
791,1.7341,0,0.87733,0,1.1601,3.233
792,1.3617,0,0.87733,0,3.0216,3.233
793,1.3617,0,1.9734,0,3.0216,3.3736
794,1.1351,0,1.6706,0,2.1083,2.9879
795,1.1351,0,1.5445,0,2.1083,1.4064
796,0.84755,0,0.41374,0,0.70238,1.4064
797,0.84755,0,0.35232,0,0.48718,3.0473
798,2.5127,0,0.35232,0,0.48718,3.0473
799,1.4987,0,2.6934,0,1.5806,2.7109
800,1.4987,0,1.2209,0,1.5806,2.495
801,1.6709,0,2.4176,0,2.738,2.674
802,1.6709,0,0.75556,0,0.7193,1.5632
803,1.5594,0,0.75556,0,0.7193,0.030823
804,1.5594,0,2.2286,0,0.97903,0.030823
805,3.1824,0,2.2286,0,0.97903,3.2164
806,2.4489,0,0.947,0,0.89428,3.7909
807,3.039,0,0.947,0,0.89428,3.2429
808,1.0345,0,0.84987,0,0.58759,3.2429
809,1.0345,0,0.84987,0,2.5852,3.2272
810,1.6177,0,1.7703,0,2.5852,4.0966
811,1.6177,0,1.7703,0,0.72843,0.292
812,1.2354,0,0.61326,0,1.7374,0.292
813,1.2354,0,0.61326,0,0.96996,2.8957
814,1.7195,0,0.83707,0,1.7921,0.6198
815,1.7195,0,2.0299,0,2.7366,0.6198
816,0.56569,0,2.0299,0,2.7366,1.2212
817,0.56569,0,1.465,0,2.4505,2.0991
818,1.6267,0,1.465,0,2.4505,2.0991
819,1.6267,0,2.0094,0,2.9893,1.3625
820,2.5394,0,2.0094,0,2.7918,1.3625
821,2.5394,0,1.1516,0,2.7918,0.89342
822,0.62009,0,1.1516,0,2.2693,0.89342
823,0.62009,0,0.5173,0,2.2275,2.0448
824,2.8577,0,0.5173,0,2.1339,2.0448
825,2.8577,0,2.9907,0,1.607,2.9974
826,1.113,0,0.86761,0,0.3973,2.9974
827,1.113,0,0.86761,0,0.3973,2.8085
828,1.6334,0,0.83561,0,1.5888,2.8337
829,1.3354,0,0.73783,0,2.0951,2.3749
830,1.3354,0,0.73783,0,0.97587,2.562
831,2.8017,0,1.3376,0,1.3079,2.562
832,2.4341,0,1.3376,0,1.1381,3.2866
833,0.18955,0,2.1166,0,1.1381,0.30012
834,0.18955,0,1.9583,0,1.4373,0.30012
835,1.6884,0,0.80117,0,1.4373,2.5804
836,1.6884,0,0.80117,0,0.45084,0.61135
837,2.9474,0,1.8856,0,0.45084,0.61135
838,2.7828,0,0.39879,0,3.2031,2.3051
839,0.96682,0,0.39879,0,3.304,2.3051
840,1.5123,0,2.8934,0,0.89794,2.1648
841,1.5123,0,2.1904,0,0.89794,2.9003
842,0.75077,0,1.7158,0,0.090579,2.7925
843,0.75077,0,0.9384,0,1.9216,1.6609
844,0.96216,0,0.82927,0,0.93972,1.9799
845,0.96216,0,0.25474,0,0.93972,2.7925
846,2.4555,0,0.25474,0,2.0329,2.3097
847,1.259,0,1.7114,0,2.8454,2.3097
848,1.259,0,2.0638,0,2.5451,1.8749
849,1.074,0,2.7207,0,0.11386,2.7315
850,1.074,0,1.7629,0,0.57364,2.7315
851,1.9608,0,1.3136,0,2.2637,0.14946
852,1.9608,0,1.3136,0,2.3075,0.14946
853,0.58259,0,1.3417,0,1.4806,0.89162
854,0.58259,0,2.3212,0,0.41217,2.7819
855,2.6541,0,1.1503,0,1.8429,4.0788
856,0.87124,0,1.1503,0,0.89905,4.0788
857,0.87124,0,3.329,0,0.89905,2.8279
858,2.0979,0,0.96222,0,2.7833,2.5984
859,1.1774,0,0.36643,0,2.635,0.76837
860,0.73551,0,0.96222,0,2.6588,0.76837
861,0.73551,0,0.96222,0,3.2159,1.0028
862,0.74212,0,0.83425,0,3.2061,1.002
863,1.7243,0,0.83425,0,2.8939,2.6541
864,1.7243,0,2.6894,0,2.7076,2.9548
865,1.5113,0,0.12089,0,2.9737,2.6239
866,1.5113,0,0.35968,0,1.2847,2.6239
867,2.5572,0,0.35968,0,1.5844,3.4534
868,2.5572,0,2.2269,0,0.90418,3.157
869,2.8649,0,2.2269,0,0.90418,3.157
870,2.8649,0,2.4344,0,1.8398,2.0644
871,0.29273,0,2.4371,0,1.0138,1.843
872,0.29273,0,1.2174,0,0.73946,1.843
873,2.8105,0,1.2174,0,0.73946,2.6498
874,2.8105,0,2.7653,0,2.0268,2.6498
875,2.2811,0,1.584,0,2.3433,3.1683
876,2.2811,0,0.28601,0,1.7918,3.1258
877,0.67245,0,0.28601,0,1.7918,3.1258
878,0.67245,0,0.49674,0,3.239,3.4704
879,2.4632,0,0.90831,0,0.7754,2.9887
880,1.8297,0,0.36388,0,0.7754,1.5083
881,1.8297,0,0.36388,0,2.0454,3.1219
882,1.7297,0,1.1851,0,1.0251,3.1027
883,1.7297,0,0.83883,0,0.81496,0.76051
884,2.9034,0,0.83883,0,0.81496,0.76051
885,1.2831,0,1.8953,0,0.32266,0.62606
886,1.2831,0,1.8953,0,0.32266,2.518
887,3.236,0,2.6717,0,0.67066,2.851
888,1.9384,0,2.6717,0,0.67066,3.1102
889,2.7887,0,2.3784,0,1.1984,2.8372
890,2.141,0,1.8242,0,1.9238,2.8372
891,0.44653,0,1.1723,0,1.052,3.2762
892,0.40211,0,1.1723,0,1.052,3.2762
893,0.40211,0,0.048017,0,0.87539,3.1004
894,2.4469,0,0.048017,0,0.87539,2.9841
895,1.3906,0,1.4914,0,2.2918,2.286
896,1.6271,0,1.4914,0,1.8024,2.286
897,1.6271,0,0.65063,0,1.8024,2.4366
898,1.6296,0,0.65063,0,1.7873,2.7358
899,2.8323,0,1.8849,0,1.2161,3.8315
900,2.1514,0,2.8759,0,1.2161,2.6833
901,2.8498,0,3.0842,0,3.3144,3.623
902,1.9439,0,3.0842,0,3.0866,2.1598
903,1.9439,0,0.48605,0,2.8209,3.1122
904,2.6091,0,0.48605,0,2.4713,3.1122
905,2.6091,0,1.2682,0,1.9727,3.3505
906,1.7201,0,2.5379,0,2.6103,3.4088
907,1.7201,0,2.5379,0,0.57734,3.4088
908,1.6115,0,3.0645,0,0.57734,2.8884
909,1.6115,0,3.0645,0,2.6039,2.8884
910,2.6505,0,1.7287,0,2.4418,0.66104
911,2.6505,0,1.7287,0,1.527,0.66104
912,1.8123,0,2.3715,0,0.57536,1.5352
913,1.8123,0,2.3715,0,0.57536,1.5352
914,2.2293,0,0.51068,0,2.9715,1.7976
915,0.93158,0,0.51068,0,2.5764,1.7976
916,0.91942,0,1.8345,0,2.6343,2.5879
917,0.91942,0,0.37566,0,1.4513,2.665
918,3.1018,0,0.37566,0,1.3884,2.2656
919,0.79603,0,3.0971,0,1.3884,2.2656
920,0.79603,0,0.35343,0,2.2983,3.0383
921,0.10717,0,1.6778,0,1.423,0.80287
922,0.10717,0,1.6778,0,1.423,0.80287
923,0.35913,0,0.25472,0,2.5728,1.1747
924,0.35913,0,0.25472,0,0.34908,3.9551
925,2.0154,0,0.27274,0,2.2743,3.0625
926,1.1733,0,0.27274,0,0.99546,2.7221
927,1.1733,0,2.8559,0,0.99546,2.9343
928,1.6245,0,2.2896,0,2.1772,2.7982
929,1.6245,0,2.2896,0,2.1772,2.7122
930,2.6671,0,1.0864,0,1.3174,2.2089
931,2.6671,0,1.0864,0,2.667,2.2089
932,1.8438,0,0.7889,0,2.7036,2.6843
933,1.844,0,0.7889,0,1.7872,2.8054
934,1.6742,0,1.7425,0,1.7872,2.7526
935,1.5067,0,1.7086,0,1.5892,1.3793
936,0.89613,0,0.35755,0,1.5892,1.1649
937,0.89613,0,0.1604,0,2.9804,2.7526
938,2.7348,0,0.1604,0,2.7625,2.7526
939,1.1795,0,2.6034,0,0.33303,1.943
940,0.73582,0,0.99926,0,0.33303,1.943
941,0.35696,0,0.82389,0,1.8471,3.8521
942,0.35696,0,0.82389,0,1.8471,3.1834
943,2.697,0,1.6347,0,1.7415,3.1834
944,2.697,0,1.6347,0,2.3237,3.2233
945,0.27951,0,1.1235,0,2.3237,3.2519
946,0.27951,0,1.1235,0,2.0145,2.9421
947,2.7072,0,2.857,0,1.2371,3.252
948,1.4439,0,3.2123,0,1.2371,3.1673
949,1.5072,0,0.99708,0,2.6499,2.4364
950,1.0078,0,0.99708,0,0.35914,2.95
951,1.9801,0,3.0107,0,2.8989,2.214
952,1.9801,0,3.0107,0,1.1224,1.5857
953,1.6429,0,1.4553,0,1.1224,1.1758
954,1.6429,0,0.92222,0,2.4135,1.5857
955,0.91753,0,0.12545,0,1.5082,3.0147
956,0.91753,0,0.12545,0,1.5082,2.6489
957,2.9344,0,3.4249,0,0.27046,2.8803
958,2.9344,0,3.5415,0,0.83258,2.8803
959,1.6398,0,3.0371,0,2.605,0.19739
960,1.6398,0,3.4941,0,2.5764,0.19739
961,3.191,0,2.6387,0,2.5764,2.9454
962,2.3569,0,1.9972,0,1.0639,1.9412
963,0.40714,0,0.34649,0,1.0639,1.9412
964,0.40714,0,0.34649,0,2.173,2.9386
965,2.5784,0,1.7299,0,2.0348,2.9386
966,0.69048,0,1.7299,0,0.8758,2.5729
967,0.48012,0,2.1316,0,0.8758,2.1574
968,0.48012,0,2.1316,0,1.6079,2.1574
969,3.0043,0,1.5969,0,2.8237,0.8339
970,1.0195,0,0.93381,0,2.8237,0.14038
971,0.94266,0,0.93381,0,1.39,0.14038
972,0.94266,0,2.7209,0,2.8736,2.9768
973,1.9072,0,3.0668,0,2.8736,1.4653
974,1.9072,0,1.9604,0,1.5359,1.4653
975,3.2767,0,1.9604,0,1.5359,0.66609
976,0.35414,0,2.7658,0,3.048,1.0795
977,0.95693,0,1.121,0,3.048,1.2257
978,0.23408,0,0.7139,0,0.096506,2.6871
979,0.95693,0,0.9351,0,0.096506,2.1869
980,0.42541,0,0.9351,0,0.56794,2.1869
981,0.42541,0,1.9039,0,0.56794,1.3923
982,0.078228,0,1.9039,0,2.137,1.3923
983,0.078228,0,2.2189,0,1.1049,2.4968
984,2.5983,0,2.2189,0,1.0239,3.1075
985,1.2768,0,2.1787,0,0.98139,2.7656
986,1.2768,0,0.81773,0,0.98139,2.7656
987,2.0939,0,0.81773,0,0.34373,1.5008
988,1.5298,0,1.4719,0,0.34373,1.1981
989,1.1635,0,1.0805,0,1.8787,1.1981
990,0.76269,0,0.16307,0,1.8679,4.0321
991,0.76269,0,0.16307,0,0.60488,2.5984
992,0.64034,0,1.8808,0,2.1395,3.4054
993,0.64034,0,1.8808,0,2.1395,3.1877
994,2.8793,0,3.025,0,2.4196,3.2229
995,2.8793,0,2.8008,0,2.5828,2.6124
996,1.122,0,2.8008,0,2.4505,2.6124
997,1.122,0,2.9642,0,2.4505,2.9293
998,2.4346,0,1.975,0,2.6383,2.9293
999,2.2461,0,1.2366,0,2.6383,3.189
1000,2.4346,0,1.2366,0,2.6621,2.9782
1001,0,0,0,0,0,2.7094
1002,0,0,0,0,0,2.7094
1003,0,0,0,0,0,2.4451
1004,0,0,0,0,0,1.6832
1005,0,0,0,0,0,1.6832
1006,0,0,0,0,0,2.8175
1007,0,0,0,0,0,3.2789
1008,0,0,0,0,0,1.8852
1009,0,0,0,0,0,3.2628
1010,0,0,0,0,0,3.2628
1011,0,0,0,0,0,2.378
1012,0,0,0,0,0,2.378
1013,0,0,0,0,0,2.9292
1014,0,0,0,0,0,2.9292
1015,0,0,0,0,0,0.43691
1016,0,0,0,0,0,0.43691
1017,0,0,0,0,0,3.4529
1018,0,0,0,0,0,3.1207
1019,0,0,0,0,0,1.545
1020,0,0,0,0,0,2.9988
1021,0,0,0,0,0,0.50424
1022,0,0,0,0,0,0.50424
1023,0,0,0,0,0,3.1352
1024,0,0,0,0,0,3.2402
1025,0,0,0,0,0,1.8907
1026,0,0,0,0,0,1.8907
1027,0,0,0,0,0,2.8509
1028,0,0,0,0,0,2.4474
1029,0,0,0,0,0,1.5165
1030,0,0,0,0,0,1.5165
1031,0,0,0,0,0,3.6095
1032,0,0,0,0,0,2.5406
1033,0,0,0,0,0,2.2495
1034,0,0,0,0,0,0.34108
1035,0,0,0,0,0,0.34108
1036,0,0,0,0,0,3.1113
1037,0,0,0,0,0,3.1006
1038,0,0,0,0,0,2.2941
1039,0,0,0,0,0,2.2941
1040,0,0,0,0,0,2.6118
1041,0,0,0,0,0,3.5589
1042,0,0,0,0,0,2.4847
1043,0,0,0,0,0,2.155
1044,0,0,0,0,0,2.155
1045,0,0,0,0,0,2.1893
1046,0,0,0,0,0,2.1893
1047,0,0,0,0,0,1.7488
1048,0,0,0,0,0,2.1743
1049,0,0,0,0,0,2.1743
1050,0,0,0,0,0,3.0108
1051,0,0,0,0,0,1.1435
1052,0,0,0,0,0,1.1435
1053,0,0,0,0,0,2.4553
1054,0,0,0,0,0,2.6032
1055,0,0,0,0,0,2.6032
1056,0,0,0,0,0,2.0944
1057,0,0,0,0,0,2.0944
1058,0,0,0,0,0,0.044947
1059,0,0,0,0,0,2.1948
1060,0,0,0,0,0,1.4894
1061,0,0,0,0,0,1.4894
1062,0,0,0,0,0,2.8284
1063,0,0,0,0,0,2.8284
1064,0,0,0,0,0,2.217
1065,0,0,0,0,0,2.217
1066,0,0,0,0,0,3.8029
1067,0,0,0,0,0,3.6855
1068,0,0,0,0,0,3.6855
1069,0,0,0,0,0,3.199
1070,0,0,0,0,0,3.4621
1071,0,0,0,0,0,1.6082
1072,0,0,0,0,0,1.0941
1073,0,0,0,0,0,3.0779
1074,0,0,0,0,0,3.6554
1075,0,0,0,0,0,1.3963
1076,0,0,0,0,0,1.3963
1077,0,0,0,0,0,2.2945
1078,0,0,0,0,0,2.2945
1079,0,0,0,0,0,0.96193
1080,0,0,0,0,0,2.5238
1081,0,0,0,0,0,2.5238
1082,0,0,0,0,0,2.3729
1083,0,0,0,0,0,2.3729
1084,0,0,0,0,0,3.1789
1085,0,0,0,0,0,2.8411
1086,0,0,0,0,0,2.6133
1087,0,0,0,0,0,3.5523
1088,0,0,0,0,0,2.7269
1089,0,0,0,0,0,1.1591
1090,0,0,0,0,0,2.1853
1091,0,0,0,0,0,2.1853
1092,0,0,0,0,0,2.2666
1093,0,0,0,0,0,2.7353
1094,0,0,0,0,0,2.7353
1095,0,0,0,0,0,2.5117
1096,0,0,0,0,0,2.5117
1097,0,0,0,0,0,3.0657
1098,0,0,0,0,0,2.1155
1099,0,0,0,0,0,3.255
1100,0,0,0,0,0,2.6697
1101,0,0,0,0,0,1.9352
1102,0,0,0,0,0,3.537
1103,0,0,0,0,0,3.3887
1104,0,0,0,0,0,2.6456
1105,0,0,0,0,0,1.1173
1106,0,0,0,0,0,2.6456
1107,0,0,0,0,0,1.1523
1108,0,0,0,0,0,0.82546
1109,0,0,0,0,0,0.82546
1110,0,0,0,0,0,3.0146
1111,0,0,0,0,0,3.0146
1112,0,0,0,0,0,2.4096
1113,0,0,0,0,0,2.7153
1114,0,0,0,0,0,2.7153
1115,0,0,0,0,0,2.113
1116,0,0,0,0,0,2.113
1117,0,0,0,0,0,0.31052
1118,0,0,0,0,0,0.31052
1119,0,0,0,0,0,2.6731
1120,0,0,0,0,0,2.6731
1121,0,0,0,0,0,2.7074
1122,0,0,0,0,0,2.7074
1123,0,0,0,0,0,2.587
1124,0,0,0,0,0,2.587
1125,0,0,0,0,0,3.4732
1126,0,0,0,0,0,3.3387
1127,0,0,0,0,0,2.8494
1128,0,0,0,0,0,2.6993
1129,0,0,0,0,0,0.89295
1130,0,0,0,0,0,0.89295
1131,0,0,0,0,0,1.6736
1132,0,0,0,0,0,1.6736
1133,0,0,0,0,0,3.226
1134,0,0,0,0,0,0.30663
1135,0,0,0,0,0,0.30663
1136,0,0,0,0,0,3.2733
1137,0,0,0,0,0,0.84472
1138,0,0,0,0,0,0.84472
1139,0,0,0,0,0,1.6049
1140,0,0,0,0,0,1.6049
1141,0,0,0,0,0,2.5419
1142,0,0,0,0,0,2.5419
1143,0,0,0,0,0,2.5589
1144,0,0,0,0,0,3.0881
1145,0,0,0,0,0,0.76126
1146,0,0,0,0,0,0.76126
1147,0,0,0,0,0,1.2085
1148,0,0,0,0,0,2.1073
1149,0,0,0,0,0,2.1073
1150,0,0,0,0,0,2.5526
1151,0,0,0,0,0,0.77309
1152,0,0,0,0,0,2.1835
1153,0,0,0,0,0,2.103
1154,0,0,0,0,0,2.103
1155,0,0,0,0,0,3.1794
1156,0,0,0,0,0,3.0305
1157,0,0,0,0,0,1.3458
1158,0,0,0,0,0,0.30776
1159,0,0,0,0,0,0.30776
1160,0,0,0,0,0,1.703
1161,0,0,0,0,0,1.703
1162,0,0,0,0,0,2.7789
1163,0,0,0,0,0,1.109
1164,0,0,0,0,0,0.70511
1165,0,0,0,0,0,0.56828
1166,0,0,0,0,0,0.56828
1167,0,0,0,0,0,1.5444
1168,0,0,0,0,0,1.5444
1169,0,0,0,0,0,2.5533
1170,0,0,0,0,0,2.5533
1171,0,0,0,0,0,2.3239
1172,0,0,0,0,0,1.2404
1173,0,0,0,0,0,1.2404
1174,0,0,0,0,0,0.75438
1175,0,0,0,0,0,0.75438
1176,0,0,0,0,0,2.63
1177,0,0,0,0,0,2.63
1178,0,0,0,0,0,3.5365
1179,0,0,0,0,0,3.5365
1180,0,0,0,0,0,2.6207
1181,0,0,0,0,0,1.265
1182,0,0,0,0,0,1.265
1183,0,0,0,0,0,2.6233
1184,0,0,0,0,0,1.762
1185,0,0,0,0,0,1.7614
1186,0,0,0,0,0,2.369
1187,0,0,0,0,0,1.4461
1188,0,0,0,0,0,1.8242
1189,0,0,0,0,0,1.8242
1190,0,0,0,0,0,3.1257
1191,0,0,0,0,0,2.7638
1192,0,0,0,0,0,1.5653
1193,0,0,0,0,0,1.5653
1194,0,0,0,0,0,2.8091
1195,0,0,0,0,0,2.8091
1196,0,0,0,0,0,2.3716
1197,0,0,0,0,0,3.7706
1198,0,0,0,0,0,1.2358
1199,0,0,0,0,0,1.2358
1200,0,0,0,0,0,3.4196
1201,0,0,0,0,0,1.4762
1202,0,0,0,0,0,0.97936
1203,0,0,0,0,0,0.97936
1204,0,0,0,0,0,3.3529
1205,0,0,0,0,0,1.4979
1206,0,0,0,0,0,1.4979
1207,0,0,0,0,0,2.7941
1208,0,0,0,0,0,2.7941
1209,0,0,0,0,0,3.154
1210,0,0,0,0,0,3.154
1211,0,0,0,0,0,3.9078
1212,0,0,0,0,0,2.6146
1213,0,0,0,0,0,3.2811
1214,0,0,0,0,0,1.2839
1215,0,0,0,0,0,1.2839
1216,0,0,0,0,0,1.3291
1217,0,0,0,0,0,1.3291
1218,0,0,0,0,0,2.5958
1219,0,0,0,0,0,1.956
1220,0,0,0,0,0,2.5958
1221,0,0,0,0,0,2.5958
1222,0,0,0,0,0,2.7073
1223,0,0,0,0,0,2.6905
1224,0,0,0,0,0,1.3664
1225,0,0,0,0,0,1.3664
1226,0,0,0,0,0,2.75
1227,0,0,0,0,0,3.082
1228,0,0,0,0,0,3.0509
1229,0,0,0,0,0,2.8346
1230,0,0,0,0,0,3.0132
1231,0,0,0,0,0,2.3304
1232,0,0,0,0,0,1.3704
1233,0,0,0,0,0,3.0329
1234,0,0,0,0,0,0.34016
1235,0,0,0,0,0,0.34016
1236,0,0,0,0,0,3.3899
1237,0,0,0,0,0,3.2552
1238,0,0,0,0,0,2.8095
1239,0,0,0,0,0,2.8095
1240,0,0,0,0,0,2.4895
1241,0,0,0,0,0,2.8046
1242,0,0,0,0,0,3.3226
1243,0,0,0,0,0,3.4809
1244,0,0,0,0,0,2.573
1245,0,0,0,0,0,2.4711
1246,0,0,0,0,0,2.0036
1247,0,0,0,0,0,2.0036
1248,0,0,0,0,0,3.1774
1249,0,0,0,0,0,2.7293
1250,0,0,0,0,0,2.3612
1251,0,0,0,0,0,2.8927
1252,0,0,0,0,0,0.28059
1253,0,0,0,0,0,0.28059
1254,0,0,0,0,0,0.72533
1255,0,0,0,0,0,2.7661
1256,0,0,0,0,0,1.8577
1257,0,0,0,0,0,1.8577
1258,0,0,0,0,0,2.3118
1259,0,0,0,0,0,2.3118
1260,0,0,0,0,0,2.631
1261,0,0,0,0,0,2.631
1262,0,0,0,0,0,3.1192
1263,0,0,0,0,0,2.3656
1264,0,0,0,0,0,2.3656
1265,0,0,0,0,0,0.10909
1266,0,0,0,0,0,0.10909
1267,0,0,0,0,0,3.1669
1268,0,0,0,0,0,3.1669
1269,0,0,0,0,0,0.31414
1270,0,0,0,0,0,0.31414
1271,0,0,0,0,0,2.93
1272,0,0,0,0,0,2.4325
1273,0,0,0,0,0,1.0244
1274,0,0,0,0,0,1.0244
1275,0,0,0,0,0,0.7283
1276,0,0,0,0,0,0.7283
1277,0,0,0,0,0,2.6744
1278,0,0,0,0,0,2.6744
1279,0,0,0,0,0,2.4642
1280,0,0,0,0,0,2.4642
1281,0,0,0,0,0,0.95133
1282,0,0,0,0,0,1.9657
1283,0,0,0,0,0,1.9657
1284,0,0,0,0,0,3.2091
1285,0,0,0,0,0,3.181
1286,0,0,0,0,0,2.9293
1287,0,0,0,0,0,3.4033
1288,0,0,0,0,0,0.62358
1289,0,0,0,0,0,0.62358
1290,0,0,0,0,0,1.285
1291,0,0,0,0,0,0.73639
1292,0,0,0,0,0,0.45818
1293,0,0,0,0,0,2.3992
1294,0,0,0,0,0,2.3176
1295,0,0,0,0,0,1.0325
1296,0,0,0,0,0,1.0325
1297,0,0,0,0,0,3.1321
1298,0,0,0,0,0,2.8343
1299,0,0,0,0,0,1.5599
1300,0,0,0,0,0,2.8343
1301,0,0,0,0,0,2.9402
1302,0,0,0,0,0,3.0601
1303,0,0,0,0,0,0.65027
1304,0,0,0,0,0,0.65027
1305,0,0,0,0,0,2.3313
1306,0,0,0,0,0,2.3313
1307,0,0,0,0,0,0.48872
1308,0,0,0,0,0,3.228
1309,0,0,0,0,0,3.2543
1310,0,0,0,0,0,3.2933
1311,0,0,0,0,0,0.80341
1312,0,0,0,0,0,0.48923
1313,0,0,0,0,0,0.35649
1314,0,0,0,0,0,0.48923
1315,0,0,0,0,0,2.7834
1316,0,0,0,0,0,1.5218
1317,0,0,0,0,0,1.5218
1318,0,0,0,0,0,3.391
1319,0,0,0,0,0,3.1591
1320,0,0,0,0,0,2.6048
1321,0,0,0,0,0,2.7066
1322,0,0,0,0,0,3.103
1323,0,0,0,0,0,2.929
1324,0,0,0,0,0,1.9481
1325,0,0,0,0,0,3.0928
1326,0,0,0,0,0,3.103
1327,0,0,0,0,0,1.971
1328,0,0,0,0,0,1.971
1329,0,0,0,0,0,2.589
1330,0,0,0,0,0,2.589
1331,0,0,0,0,0,1.9462
1332,0,0,0,0,0,1.9462
1333,0,0,0,0,0,2.7184
1334,0,0,0,0,0,3.277
1335,0,0,0,0,0,2.0422
1336,0,0,0,0,0,3.2716
1337,0,0,0,0,0,2.6467
1338,0,0,0,0,0,2.6692
1339,0,0,0,0,0,2.9857
1340,0,0,0,0,0,2.9857
1341,0,0,0,0,0,3.2993
1342,0,0,0,0,0,3.2993
1343,0,0,0,0,0,1.047
1344,0,0,0,0,0,2.6686
1345,0,0,0,0,0,2.6686
1346,0,0,0,0,0,3.0522
1347,0,0,0,0,0,2.7136
1348,0,0,0,0,0,3.0522
1349,0,0,0,0,0,2.7489
1350,0,0,0,0,0,1.9667
1351,0,0,0,0,0,3.2513
1352,0,0,0,0,0,3.2154
1353,0,0,0,0,0,2.8606
1354,0,0,0,0,0,2.8606
1355,0,0,0,0,0,2.8897
1356,0,0,0,0,0,2.7807
1357,0,0,0,0,0,2.1576
1358,0,0,0,0,0,2.3431
1359,0,0,0,0,0,2.3431
1360,0,0,0,0,0,2.5693
1361,0,0,0,0,0,3.7041
1362,0,0,0,0,0,3.1252
1363,0,0,0,0,0,2.8358
1364,0,0,0,0,0,0.91827
1365,0,0,0,0,0,2.9058
1366,0,0,0,0,0,2.0581
1367,0,0,0,0,0,1.7975
1368,0,0,0,0,0,1.7975
1369,0,0,0,0,0,3.138
1370,0,0,0,0,0,2.5748
1371,0,0,0,0,0,2.5748
1372,0,0,0,0,0,1.1067
1373,0,0,0,0,0,1.1067
1374,0,0,0,0,0,2.9689
1375,0,0,0,0,0,3.0833
1376,0,0,0,0,0,1.0465
1377,0,0,0,0,0,1.0465
1378,0,0,0,0,0,2.7995
1379,0,0,0,0,0,2.7995
1380,0,0,0,0,0,1.3979
1381,0,0,0,0,0,2.3555
1382,0,0,0,0,0,2.7262
1383,0,0,0,0,0,1.3531
1384,0,0,0,0,0,1.1958
1385,0,0,0,0,0,1.1958
1386,0,0,0,0,0,2.4954
1387,0,0,0,0,0,2.4954
1388,0,0,0,0,0,0.21547
1389,0,0,0,0,0,0.21547
1390,0,0,0,0,0,0.64011
1391,0,0,0,0,0,0.64011
1392,0,0,0,0,0,2.9403
1393,0,0,0,0,0,1.027
1394,0,0,0,0,0,3.2618
1395,0,0,0,0,0,3.2618
1396,0,0,0,0,0,1.4135
1397,0,0,0,0,0,1.4135
1398,0,0,0,0,0,2.615
1399,0,0,0,0,0,2.615
1400,0,0,0,0,0,1.0279
1401,0,0,0,0,0,0.28995
1402,0,0,0,0,0,3.2692
1403,0,0,0,0,0,3.1432
1404,0,0,0,0,0,3.1432
1405,0,0,0,0,0,2.4721
1406,0,0,0,0,0,2.4721
1407,0,0,0,0,0,2.7424
1408,0,0,0,0,0,2.7424
1409,0,0,0,0,0,2.1483
1410,0,0,0,0,0,2.1483
1411,0,0,0,0,0,1.3968
1412,0,0,0,0,0,1.3337
1413,0,0,0,0,0,0.61494
1414,0,0,0,0,0,1.0109
1415,0,0,0,0,0,1.3337
1416,0,0,0,0,0,1.3337
1417,0,0,0,0,0,2.7644
1418,0,0,0,0,0,3.6959
1419,0,0,0,0,0,1.5116
1420,0,0,0,0,0,1.5116
1421,0,0,0,0,0,2.9422
1422,0,0,0,0,0,2.9422
1423,0,0,0,0,0,2.9027
1424,0,0,0,0,0,2.9027
1425,0,0,0,0,0,4.0897
1426,0,0,0,0,0,2.0372
1427,0,0,0,0,0,2.0372
1428,0,0,0,0,0,0.95796
1429,0,0,0,0,0,0.95796
1430,0,0,0,0,0,3.3014
1431,0,0,0,0,0,1.6244
1432,0,0,0,0,0,1.6244
1433,0,0,0,0,0,3.5817
1434,0,0,0,0,0,1.7499
1435,0,0,0,0,0,1.7499
1436,0,0,0,0,0,2.7873
1437,0,0,0,0,0,2.7873
1438,0,0,0,0,0,1.6222
1439,0,0,0,0,0,1.6222
1440,0,0,0,0,0,3.5374
1441,0,0,0,0,0,3.5374
1442,0,0,0,0,0,0.79935
1443,0,0,0,0,0,0.79935
1444,0,0,0,0,0,2.8212
1445,0,0,0,0,0,2.7524
1446,0,0,0,0,0,1.7223
1447,0,0,0,0,0,2.5067
1448,0,0,0,0,0,2.2936
1449,0,0,0,0,0,2.5128
1450,0,0,0,0,0,2.5128
1451,0,0,0,0,0,2.6365
1452,0,0,0,0,0,2.9512
1453,0,0,0,0,0,3.1079
1454,0,0,0,0,0,2.9766
1455,0,0,0,0,0,0.57278
1456,0,0,0,0,0,2.5986
1457,0,0,0,0,0,2.5524
1458,0,0,0,0,0,2.5524
1459,0,0,0,0,0,3.9347
1460,0,0,0,0,0,3.483
1461,0,0,0,0,0,3.3985
1462,0,0,0,0,0,2.2699
1463,0,0,0,0,0,2.2699
1464,0,0,0,0,0,1.0661
1465,0,0,0,0,0,3.6375
1466,0,0,0,0,0,0.12329
1467,0,0,0,0,0,0.12329
1468,0,0,0,0,0,0.44455
1469,0,0,0,0,0,0.44455
1470,0,0,0,0,0,1.9882
1471,0,0,0,0,0,1.8185
1472,0,0,0,0,0,1.227
1473,0,0,0,0,0,1.8185
1474,0,0,0,0,0,0.60036
1475,0,0,0,0,0,0.60036
1476,0,0,0,0,0,3.1194
1477,0,0,0,0,0,1.8026
1478,0,0,0,0,0,1.8026
1479,0,0,0,0,0,2.8362
1480,0,0,0,0,0,1.9709
1481,0,0,0,0,0,2.7155
1482,0,0,0,0,0,2.7155
1483,0,0,0,0,0,3.2131
1484,0,0,0,0,0,3.1225
1485,0,0,0,0,0,2.4073
1486,0,0,0,0,0,3.4824
1487,0,0,0,0,0,1.4502
1488,0,0,0,0,0,1.4502
1489,0,0,0,0,0,3.0395
1490,0,0,0,0,0,1.1196
1491,0,0,0,0,0,1.1196
1492,0,0,0,0,0,2.4631
1493,0,0,0,0,0,2.4631
1494,0,0,0,0,0,1.457
1495,0,0,0,0,0,1.4866
1496,0,0,0,0,0,1.8435
1497,0,0,0,0,0,1.8435
1498,0,0,0,0,0,3.1343
1499,0,0,0,0,0,2.5871
1500,0,0,0,0,0,2.5871
